engagement_id,milestone,milestone_date,candidate_count,notes
E0001,Kickoff,2024-04-09,13,
E0001,Longlist,2024-05-10,10,
E0001,Shortlist,2024-06-06,7,
E0001,Offer,2024-06-24,5,
E0001,Accepted,2024-07-18,6,
E0002,Kickoff,2025-11-25,10,
E0002,Longlist,2025-12-17,5,
E0002,Shortlist,2026-01-08,12,
E0003,Kickoff,2024-12-15,10,
E0003,Longlist,2025-01-02,11,manual review
E0003,Shortlist,2025-01-20,6,
E0003,Offer,2025-02-15,5,
E0003,Accepted,2025-03-04,0,
E0004,Kickoff,2024-08-28,14,
E0004,Longlist,2024-09-24,8,
E0004,Shortlist,2024-10-04,7,
E0004,Offer,2024-10-26,7,
E0004,Accepted,2024-11-15,4,manual review
E0005,Kickoff,2024-11-24,8,
E0005,Longlist,2025-01-04,10,
E0005,Shortlist,2025-01-29,6,
E0005,Offer,2025-02-20,1,
E0005,Accepted,2025-03-12,1,
E0006,Kickoff,2024-07-05,13,
E0006,Longlist,2024-08-16,7,
E0006,Shortlist,2024-08-30,6,
E0006,Offer,2024-09-18,6,manual review
E0007,Kickoff,2025-10-03,10,
E0007,Longlist,2025-10-31,11,
E0007,Shortlist,2025-11-13,4,
E0007,Offer,2025-11-24,5,manual review
E0008,Kickoff,2026-01-01,9,
E0008,Longlist,2026-01-17,8,
E0008,Shortlist,2026-02-17,6,
E0008,Offer,2026-02-28,4,
E0009,Kickoff,2024-03-07,7,
E0009,Longlist,2024-04-17,11,manual review
E0010,Kickoff,2025-06-11,13,
E0010,Longlist,2025-06-26,6,
E0010,Shortlist,2025-07-16,7,
E0010,Offer,2025-07-29,6,
E0010,Accepted,2025-08-11,0,
E0011,Kickoff,2024-09-06,9,
E0011,Longlist,2024-09-28,12,manual review
E0011,Shortlist,2024-10-11,7,manual review
E0011,Offer,2024-11-05,3,manual review
E0011,Accepted,2024-11-13,3,
E0012,Kickoff,2024-02-08,9,manual review
E0012,Longlist,2024-03-13,7,manual review
E0012,Shortlist,2024-04-05,6,
E0012,Offer,2024-04-20,0,
E0012,Accepted,2024-05-04,1,
E0013,Kickoff,2025-11-04,16,
E0013,Longlist,2025-11-23,12,
E0013,Shortlist,2025-12-19,8,
E0013,Offer,2025-12-28,7,
E0013,Accepted,2026-01-19,1,
E0014,Kickoff,2024-02-21,14,manual review
E0014,Longlist,2024-03-07,8,
E0014,Shortlist,2024-04-10,12,
E0014,Offer,2024-04-18,6,
E0014,Accepted,2024-04-26,3,manual review
E0015,Kickoff,2024-06-08,17,
E0015,Longlist,2024-07-03,7,
E0015,Shortlist,2024-07-20,11,
E0015,Offer,2024-07-28,5,manual review
E0015,Accepted,2024-07-31,1,
E0016,Kickoff,2024-01-28,11,
E0016,Longlist,2024-03-07,9,
E0016,Shortlist,2024-03-17,11,
E0016,Offer,2024-04-12,7,
E0016,Accepted,2024-04-17,1,
E0017,Kickoff,2024-12-14,11,
E0017,Longlist,2025-01-25,8,
E0017,Shortlist,2025-02-10,8,
E0017,Offer,2025-03-09,5,
E0017,Accepted,2025-03-20,1,
E0018,Kickoff,2025-03-18,11,
E0018,Longlist,2025-04-28,10,
E0018,Shortlist,2025-06-01,8,
E0018,Offer,2025-06-20,0,manual review
E0018,Accepted,2025-06-28,5,
E0019,Kickoff,2024-08-26,10,
E0019,Longlist,2024-09-13,6,
E0019,Shortlist,2024-10-15,7,
E0019,Offer,2024-10-24,8,
E0019,Accepted,2024-11-05,1,
E0020,Kickoff,2024-02-29,11,
E0020,Longlist,2024-04-12,13,
E0020,Shortlist,2024-04-30,5,
E0020,Offer,2024-05-13,1,
E0020,Accepted,2024-06-06,5,
E0021,Kickoff,2024-04-03,9,
E0021,Longlist,2024-04-29,9,
E0021,Shortlist,2024-05-25,10,
E0021,Offer,2024-06-20,3,
E0022,Kickoff,2025-11-17,12,
E0022,Longlist,2025-12-06,10,
E0023,Kickoff,2025-08-20,12,
E0023,Longlist,2025-10-03,10,manual review
E0023,Shortlist,2025-10-19,8,
E0023,Offer,2025-11-15,8,
E0023,Accepted,2025-11-23,3,
E0024,Kickoff,2025-11-17,10,
E0024,Longlist,2025-12-03,7,
E0025,Kickoff,2025-01-27,11,
E0025,Longlist,2025-03-05,10,
E0025,Shortlist,2025-03-21,6,
E0025,Offer,2025-04-12,6,
E0025,Accepted,2025-04-19,1,
E0026,Kickoff,2025-02-04,7,
E0026,Longlist,2025-03-12,10,
E0026,Shortlist,2025-04-05,8,
E0027,Kickoff,2025-07-27,13,
E0027,Longlist,2025-08-26,8,
E0027,Shortlist,2025-09-21,6,
E0027,Offer,2025-10-11,3,
E0028,Kickoff,2025-04-04,13,
E0028,Longlist,2025-05-12,11,
E0028,Shortlist,2025-06-13,9,
E0028,Offer,2025-06-30,12,
E0028,Accepted,2025-07-22,3,
E0029,Kickoff,2024-11-16,15,
E0029,Longlist,2024-12-08,7,
E0029,Shortlist,2025-01-05,4,
E0029,Offer,2025-01-27,5,
E0029,Accepted,2025-01-31,5,
E0030,Kickoff,2024-08-03,11,
E0030,Longlist,2024-08-26,5,
E0030,Shortlist,2024-09-28,5,
E0030,Offer,2024-10-09,7,
E0030,Accepted,2024-10-23,4,
E0031,Kickoff,2024-12-22,11,
E0031,Longlist,2025-01-12,6,
E0031,Shortlist,2025-02-06,5,
E0031,Offer,2025-02-21,6,
E0031,Accepted,2025-03-11,1,
E0032,Kickoff,2024-02-17,10,
E0032,Longlist,2024-03-24,15,
E0032,Shortlist,2024-04-21,10,
E0033,Kickoff,2024-05-20,12,
E0033,Longlist,2024-06-04,8,
E0033,Shortlist,2024-06-14,10,
E0033,Offer,2024-07-10,9,
E0033,Accepted,2024-08-02,2,
E0034,Kickoff,2025-06-24,13,
E0034,Longlist,2025-07-11,9,
E0035,Kickoff,2025-09-26,12,
E0035,Longlist,2025-11-04,6,
E0035,Shortlist,2025-11-14,5,manual review
E0035,Offer,2025-12-06,8,
E0035,Accepted,2025-12-13,1,
E0036,Kickoff,2024-03-24,12,
E0036,Longlist,2024-04-26,13,
E0036,Shortlist,2024-05-19,5,
E0036,Offer,2024-05-29,7,manual review
E0036,Accepted,2024-06-02,5,
E0037,Kickoff,2024-03-15,11,manual review
E0038,Kickoff,2024-03-09,11,
E0038,Longlist,2024-04-21,10,
E0038,Shortlist,2024-05-20,5,manual review
E0038,Offer,2024-05-31,7,
E0038,Accepted,,3,
E0039,Kickoff,2025-08-06,12,
E0039,Longlist,2025-09-13,9,
E0039,Shortlist,2025-10-15,11,
E0039,Offer,2025-11-08,9,
E0039,Accepted,2025-11-11,7,
E0040,Kickoff,2024-08-17,12,
E0040,Longlist,2024-09-01,9,
E0040,Shortlist,2024-09-24,10,
E0040,Offer,2024-10-06,4,
E0040,Accepted,2024-10-27,5,
E0041,Kickoff,2024-08-27,15,
E0041,Longlist,2024-09-30,7,
E0041,Shortlist,2024-10-23,5,
E0041,Offer,2024-10-31,8,
E0041,Accepted,2024-11-11,0,
E0042,Kickoff,2024-01-10,14,
E0042,Longlist,2024-02-02,12,
E0042,Shortlist,2024-03-04,9,
E0042,Offer,2024-03-30,5,
E0042,Accepted,2024-04-22,5,
E0043,Kickoff,2025-12-13,13,
E0043,Longlist,2026-01-19,8,
E0043,Shortlist,2026-01-29,10,
E0044,Kickoff,2024-11-17,11,manual review
E0044,Longlist,2024-12-25,11,
E0044,Shortlist,2025-01-20,7,
E0044,Offer,2025-01-29,6,
E0044,Accepted,2025-02-09,1,
E0045,Kickoff,2025-08-07,12,
E0045,Longlist,2025-09-18,12,
E0045,Shortlist,2025-10-04,6,
E0045,Offer,2025-10-18,5,
E0045,Accepted,2025-11-02,4,
E0046,Kickoff,2025-06-01,11,
E0046,Longlist,2025-06-26,8,
E0046,Shortlist,2025-07-27,7,
E0046,Offer,2025-08-20,5,
E0046,Accepted,2025-08-28,1,
E0047,Kickoff,2024-04-17,7,
E0047,Longlist,2024-05-30,11,
E0047,Shortlist,2024-06-14,8,manual review
E0047,Offer,2024-07-02,3,
E0047,Accepted,2024-07-03,1,
E0048,Kickoff,2025-08-09,14,
E0048,Longlist,2025-08-29,8,
E0048,Shortlist,2025-09-22,6,manual review
E0048,Offer,2025-10-09,3,
E0049,Kickoff,2025-02-10,9,
E0049,Longlist,2025-03-05,8,
E0049,Shortlist,2025-04-01,10,
E0049,Offer,2025-04-20,7,
E0049,Accepted,2025-04-21,1,
E0050,Kickoff,2025-03-19,11,
E0050,Longlist,2025-04-12,11,
E0051,Kickoff,2024-05-26,10,
E0051,Longlist,2024-06-11,4,
E0051,Shortlist,2024-07-07,5,
E0051,Offer,2024-07-20,3,manual review
E0051,Accepted,2024-07-25,0,
E0052,Kickoff,2025-09-14,12,
E0052,Longlist,2025-10-02,12,
E0052,Shortlist,2025-10-31,6,
E0052,Offer,2025-11-20,4,
E0052,Accepted,2025-12-09,6,
E0053,Kickoff,2025-11-12,10,
E0053,Longlist,2025-12-07,9,
E0054,Kickoff,2024-10-30,11,
E0054,Longlist,2024-11-26,11,
E0054,Shortlist,2024-12-19,7,
E0054,Offer,2024-12-26,2,
E0054,Accepted,2025-01-02,0,
E0055,Kickoff,2024-03-13,13,
E0055,Longlist,2024-04-15,9,
E0056,Kickoff,2025-09-20,9,
E0056,Longlist,2025-10-30,9,manual review
E0056,Shortlist,2025-11-30,6,
E0056,Offer,2025-12-18,5,
E0057,Kickoff,2025-10-10,15,
E0057,Longlist,2025-10-27,10,
E0057,Shortlist,2025-11-08,5,
E0058,Kickoff,2025-01-12,11,
E0058,Longlist,2025-01-28,11,
E0058,Shortlist,2025-02-09,4,manual review
E0058,Offer,2025-03-05,7,
E0058,Accepted,2025-03-06,4,
E0059,Kickoff,2025-03-07,13,
E0059,Longlist,2025-04-11,7,
E0059,Shortlist,2025-05-07,7,manual review
E0059,Offer,2025-05-16,7,
E0059,Accepted,2025-05-26,1,
E0060,Kickoff,2024-06-12,13,
E0060,Longlist,2024-07-20,9,
E0060,Shortlist,2024-08-15,8,
E0061,Kickoff,2024-02-28,13,
E0061,Longlist,2024-03-28,9,
E0061,Shortlist,2024-04-30,7,
E0061,Offer,2024-05-26,5,
E0061,Accepted,2024-06-10,5,
E0062,Kickoff,2025-11-29,11,
E0062,Longlist,2026-01-11,9,
E0062,Shortlist,2026-01-31,8,
E0062,Offer,2026-02-27,5,
E0063,Kickoff,2024-12-22,12,
E0063,Longlist,2025-01-13,11,
E0063,Shortlist,2025-01-23,9,
E0063,Offer,2025-01-31,1,
E0063,Accepted,2025-02-17,0,
E0064,Kickoff,2024-07-19,12,
E0064,Longlist,2024-08-07,10,
E0064,Shortlist,2024-09-07,6,
E0064,Offer,2024-10-01,6,
E0064,Accepted,2024-10-07,5,
E0065,Kickoff,2025-05-22,12,
E0065,Longlist,2025-07-01,6,
E0065,Shortlist,2025-07-23,8,
E0065,Offer,2025-08-04,5,
E0065,Accepted,2025-08-06,2,
E0066,Kickoff,2024-01-27,12,
E0066,Longlist,2024-03-01,10,
E0066,Shortlist,2024-03-23,7,
E0066,Offer,2024-04-11,4,
E0066,Accepted,2024-05-03,4,
E0067,Kickoff,2024-03-02,11,
E0067,Longlist,2024-03-18,6,
E0067,Shortlist,2024-04-05,8,
E0067,Offer,2024-04-27,4,
E0067,Accepted,2024-05-17,2,
E0068,Kickoff,2024-07-01,15,
E0068,Longlist,2024-07-25,11,
E0068,Shortlist,2024-08-25,11,
E0068,Offer,2024-09-11,4,
E0068,Accepted,2024-09-29,4,
E0069,Kickoff,2024-11-27,7,
E0069,Longlist,2024-12-31,12,
E0069,Shortlist,2025-01-25,7,
E0069,Offer,2025-02-12,5,
E0069,Accepted,2025-02-17,4,
E0070,Kickoff,2024-09-24,5,
E0070,Longlist,2024-10-30,15,
E0070,Shortlist,2024-12-02,7,
E0070,Offer,2024-12-27,4,
E0070,Accepted,2025-01-01,4,
E0071,Kickoff,2024-05-20,12,
E0071,Longlist,2024-06-20,6,
E0071,Shortlist,2024-07-23,10,
E0071,Offer,2024-08-04,0,
E0071,Accepted,2024-08-15,6,
E0072,Kickoff,2024-09-19,13,
E0072,Longlist,2024-10-20,12,
E0073,Kickoff,2024-09-01,13,
E0073,Longlist,,11,
E0073,Shortlist,2024-10-13,4,manual review
E0073,Offer,2024-11-09,5,
E0073,Accepted,2024-11-16,3,
E0074,Kickoff,2025-01-19,10,manual review
E0074,Longlist,2025-03-03,10,
E0074,Shortlist,2025-04-03,12,
E0074,Offer,2025-04-22,4,
E0074,Accepted,2025-04-30,2,
E0075,Kickoff,2025-02-19,12,
E0076,Kickoff,2025-10-14,17,
E0076,Longlist,2025-11-15,10,
E0076,Shortlist,2025-12-02,10,
E0076,Offer,2025-12-25,4,
E0077,Kickoff,2025-08-20,11,
E0077,Longlist,2025-09-11,10,
E0077,Shortlist,2025-09-28,5,
E0077,Offer,2025-10-16,7,
E0077,Accepted,2025-10-27,2,
E0078,Kickoff,2024-08-07,11,
E0079,Kickoff,2025-10-20,8,
E0079,Longlist,2025-11-11,12,
E0079,Shortlist,2025-12-05,6,manual review
E0080,Kickoff,2025-01-19,16,
E0080,Longlist,2025-02-10,11,
E0080,Shortlist,2025-02-24,9,manual review
E0080,Offer,2025-03-04,5,
E0080,Accepted,2025-03-17,4,manual review
E0081,Kickoff,2024-05-23,12,
E0081,Longlist,2024-06-19,5,
E0081,Shortlist,2024-07-15,9,
E0081,Offer,2024-07-28,4,
E0081,Accepted,2024-08-04,0,
E0082,Kickoff,2024-09-07,7,
E0082,Longlist,2024-10-03,8,
E0082,Shortlist,2024-10-22,4,
E0082,Offer,2024-10-29,4,
E0082,Accepted,2024-11-16,4,
E0083,Kickoff,2025-06-30,15,manual review
E0083,Longlist,2025-08-02,9,
E0083,Shortlist,2025-08-20,9,
E0083,Offer,2025-09-09,2,
E0083,Accepted,2025-09-25,2,
E0084,Kickoff,2025-08-22,14,
E0084,Longlist,2025-09-17,7,
E0084,Shortlist,2025-10-16,6,
E0084,Offer,2025-11-04,4,
E0084,Accepted,2025-11-27,2,
E0085,Kickoff,2024-10-08,12,
E0085,Longlist,2024-11-03,10,
E0085,Shortlist,2024-12-02,4,manual review
E0085,Offer,2024-12-11,4,
E0085,Accepted,2025-01-01,6,
E0086,Kickoff,2024-04-29,11,
E0086,Longlist,2024-06-12,13,
E0086,Shortlist,2024-07-04,11,
E0086,Offer,2024-07-29,4,
E0086,Accepted,2024-08-16,6,
E0087,Kickoff,2024-05-21,11,
E0087,Longlist,2024-06-13,13,
E0088,Kickoff,2024-03-24,11,
E0088,Longlist,2024-04-20,8,
E0088,Shortlist,2024-05-11,7,
E0088,Offer,2024-06-03,4,
E0088,Accepted,2024-06-03,1,
E0089,Kickoff,2025-05-25,13,
E0089,Longlist,2025-07-04,10,
E0089,Shortlist,2025-08-02,7,
E0089,Offer,,6,
E0089,Accepted,2025-08-19,2,
E0090,Kickoff,2025-01-02,9,
E0090,Longlist,2025-02-14,9,
E0090,Shortlist,2025-03-17,8,manual review
E0090,Offer,2025-03-30,6,
E0090,Accepted,2025-04-11,2,
E0091,Kickoff,2024-12-01,13,manual review
E0091,Longlist,2024-12-26,11,
E0091,Shortlist,2025-01-27,4,
E0091,Offer,2025-02-04,0,
E0091,Accepted,2025-02-06,0,
E0092,Kickoff,2025-05-13,19,
E0092,Longlist,2025-06-17,11,
E0092,Shortlist,2025-06-28,6,
E0092,Offer,2025-07-06,4,
E0092,Accepted,2025-07-08,1,
E0093,Kickoff,2025-09-01,8,
E0093,Longlist,2025-10-11,9,
E0093,Shortlist,2025-10-27,10,
E0093,Offer,2025-11-20,5,
E0093,Accepted,2025-12-08,6,
E0094,Kickoff,2025-08-07,11,
E0094,Longlist,2025-08-24,9,manual review
E0094,Shortlist,2025-09-22,6,
E0094,Offer,2025-10-08,2,manual review
E0094,Accepted,2025-10-17,6,
E0095,Kickoff,2024-04-19,13,
E0096,Kickoff,2025-03-09,7,
E0096,Longlist,2025-04-14,10,
E0096,Shortlist,2025-05-01,5,
E0096,Offer,2025-05-13,5,
E0096,Accepted,2025-05-19,3,
E0097,Kickoff,2025-10-09,13,
E0097,Longlist,2025-11-13,10,
E0097,Shortlist,2025-12-09,4,
E0097,Offer,2025-12-24,6,
E0098,Kickoff,2025-07-21,12,
E0098,Longlist,2025-08-21,7,
E0098,Shortlist,2025-09-11,4,
E0098,Offer,2025-09-28,5,
E0098,Accepted,2025-09-29,0,
E0099,Kickoff,2024-09-06,13,
E0099,Longlist,2024-10-01,8,
E0099,Shortlist,2024-10-11,2,
E0099,Offer,2024-11-01,8,
E0099,Accepted,2024-11-17,4,manual review
E0100,Kickoff,2024-10-22,13,
E0100,Longlist,2024-12-05,11,
E0100,Shortlist,2024-12-28,7,
E0100,Offer,2025-01-12,2,
E0100,Accepted,2025-02-01,3,
E0101,Kickoff,2025-10-16,10,
E0101,Longlist,2025-11-14,7,
E0101,Shortlist,2025-12-13,7,
E0102,Kickoff,2024-01-27,9,
E0102,Longlist,2024-02-27,12,manual review
E0102,Shortlist,2024-03-20,5,manual review
E0102,Offer,2024-03-30,6,
E0102,Accepted,2024-04-06,3,
E0103,Kickoff,2025-01-19,9,
E0103,Longlist,2025-02-13,6,
E0103,Shortlist,2025-03-12,8,
E0103,Offer,2025-03-26,0,
E0103,Accepted,2025-03-30,1,
E0104,Kickoff,2024-03-29,12,
E0104,Longlist,2024-04-26,7,manual review
E0104,Shortlist,2024-05-17,9,
E0104,Offer,2024-06-12,9,
E0104,Accepted,2024-07-05,3,
E0105,Kickoff,2025-10-19,13,
E0105,Longlist,2025-11-15,11,
E0105,Shortlist,2025-11-25,9,
E0105,Offer,2025-12-05,4,
E0105,Accepted,2025-12-24,1,
E0106,Kickoff,2024-01-31,17,
E0106,Longlist,2024-03-13,8,
E0106,Shortlist,2024-04-06,7,manual review
E0106,Offer,2024-05-02,3,
E0106,Accepted,2024-05-26,6,manual review
E0107,Kickoff,2024-01-24,11,
E0107,Longlist,2024-02-12,12,
E0107,Shortlist,2024-03-13,7,manual review
E0107,Offer,2024-03-29,2,
E0107,Accepted,2024-03-29,4,
E0108,Kickoff,2024-09-01,12,
E0108,Longlist,2024-09-17,6,
E0108,Shortlist,2024-10-06,7,
E0108,Offer,2024-10-29,0,
E0108,Accepted,2024-11-15,6,
E0109,Kickoff,2024-05-28,11,
E0109,Longlist,2024-07-07,8,
E0109,Shortlist,2024-08-08,6,
E0109,Offer,2024-09-03,8,
E0109,Accepted,2024-09-27,2,
E0110,Kickoff,2024-12-30,15,
E0110,Longlist,2025-02-04,6,
E0110,Shortlist,2025-03-07,5,
E0110,Offer,2025-03-15,6,
E0110,Accepted,2025-03-16,3,
E0111,Kickoff,2024-08-12,13,
E0111,Longlist,2024-09-06,9,
E0111,Shortlist,2024-10-03,10,
E0111,Offer,2024-10-28,4,
E0111,Accepted,2024-11-09,6,
E0112,Kickoff,2024-09-17,12,
E0112,Longlist,2024-10-09,7,
E0112,Shortlist,2024-10-30,9,
E0112,Offer,2024-11-15,4,
E0112,Accepted,2024-11-17,0,
E0113,Kickoff,2025-02-25,11,
E0113,Longlist,2025-03-14,11,
E0113,Shortlist,2025-04-15,7,
E0113,Offer,2025-04-29,5,
E0113,Accepted,2025-05-10,4,
E0114,Kickoff,2025-02-16,15,
E0114,Longlist,2025-03-12,10,
E0114,Shortlist,2025-04-01,7,
E0114,Offer,2025-04-27,8,
E0114,Accepted,2025-04-29,5,
E0115,Kickoff,2025-11-18,14,
E0115,Longlist,2025-12-06,10,
E0116,Kickoff,2024-12-16,13,
E0116,Longlist,2025-01-10,13,
E0117,Kickoff,2025-02-17,12,
E0117,Longlist,2025-03-16,9,
E0117,Shortlist,2025-04-13,6,
E0117,Offer,2025-05-02,5,
E0117,Accepted,2025-05-06,2,
E0118,Kickoff,2025-05-09,9,
E0118,Longlist,2025-06-15,8,
E0119,Kickoff,2024-05-08,15,
E0119,Longlist,2024-05-23,7,
E0120,Kickoff,2025-05-02,13,
E0120,Longlist,2025-05-23,8,
E0120,Shortlist,2025-06-12,9,
E0120,Offer,2025-06-19,5,
E0120,Accepted,2025-06-28,1,
E0121,Kickoff,2025-09-28,12,
E0121,Longlist,2025-11-02,10,
E0122,Kickoff,2024-08-20,12,
E0122,Longlist,2024-10-01,10,
E0122,Shortlist,2024-10-14,7,
E0122,Offer,2024-11-09,7,
E0122,Accepted,2024-11-19,5,
E0123,Kickoff,2024-05-16,9,
E0123,Longlist,2024-06-27,6,
E0123,Shortlist,2024-07-22,5,
E0123,Offer,2024-08-15,3,
E0123,Accepted,2024-09-04,6,
E0124,Kickoff,2024-09-17,7,
E0124,Longlist,2024-10-09,10,
E0124,Shortlist,2024-11-04,6,
E0124,Offer,2024-12-01,3,
E0124,Accepted,2024-12-19,0,
E0125,Kickoff,2024-07-22,8,
E0125,Longlist,2024-08-13,12,
E0125,Shortlist,2024-09-13,8,
E0125,Offer,2024-10-05,5,
E0125,Accepted,2024-10-20,7,
E0126,Kickoff,2025-03-12,9,
E0126,Longlist,2025-04-16,6,
E0126,Shortlist,2025-05-14,7,
E0126,Offer,2025-05-23,6,
E0126,Accepted,2025-06-03,2,
E0127,Kickoff,2025-09-25,12,
E0127,Longlist,2025-11-04,5,
E0127,Shortlist,2025-11-28,3,
E0127,Offer,2025-12-08,2,
E0128,Kickoff,2025-03-16,13,manual review
E0128,Longlist,2025-04-26,7,
E0128,Shortlist,2025-05-28,8,
E0128,Offer,2025-06-20,6,
E0128,Accepted,2025-06-24,4,
E0129,Kickoff,2024-04-01,15,
E0129,Longlist,2024-05-05,11,
E0129,Shortlist,2024-06-02,10,
E0129,Offer,2024-06-28,7,
E0129,Accepted,2024-07-14,3,manual review
E0130,Kickoff,2024-08-17,15,
E0130,Longlist,2024-09-16,7,
E0130,Shortlist,2024-10-01,8,
E0130,Offer,2024-10-09,4,
E0130,Accepted,2024-10-16,1,
E0131,Kickoff,2025-05-20,11,
E0131,Longlist,2025-06-09,7,
E0131,Shortlist,2025-06-25,5,
E0131,Offer,2025-07-05,9,
E0132,Kickoff,2024-09-03,12,
E0132,Longlist,2024-09-20,6,
E0132,Shortlist,2024-10-20,7,
E0132,Offer,2024-11-15,4,
E0132,Accepted,2024-11-16,0,
E0133,Kickoff,2025-03-09,12,
E0133,Longlist,2025-04-06,9,
E0133,Shortlist,2025-05-09,6,
E0134,Kickoff,2025-05-23,13,
E0134,Longlist,2025-06-25,7,
E0134,Shortlist,2025-07-13,4,
E0134,Offer,2025-07-29,8,
E0134,Accepted,2025-08-03,7,
E0135,Kickoff,2024-09-03,6,
E0135,Longlist,2024-10-04,9,
E0135,Shortlist,2024-10-14,9,
E0135,Offer,2024-10-21,8,
E0135,Accepted,2024-11-14,1,
E0136,Kickoff,2025-04-22,12,
E0136,Longlist,2025-05-07,12,
E0136,Shortlist,2025-06-07,10,
E0136,Offer,2025-06-16,5,
E0136,Accepted,2025-07-10,3,
E0137,Kickoff,2024-10-19,11,
E0137,Longlist,2024-11-07,13,
E0137,Shortlist,2024-11-19,8,
E0137,Offer,2024-11-29,6,manual review
E0137,Accepted,2024-12-23,1,manual review
E0138,Kickoff,2024-04-10,14,
E0138,Longlist,2024-05-22,9,manual review
E0138,Shortlist,2024-06-25,7,
E0138,Offer,2024-07-15,6,
E0138,Accepted,2024-07-28,8,
E0139,Kickoff,2024-10-03,12,
E0139,Longlist,2024-10-27,5,
E0139,Shortlist,2024-11-25,7,
E0139,Offer,2024-12-03,4,manual review
E0139,Accepted,2024-12-12,2,
E0140,Kickoff,2024-11-24,10,
E0140,Longlist,2024-12-28,9,
E0140,Shortlist,2025-01-21,5,
E0140,Offer,2025-02-17,4,
E0140,Accepted,2025-03-04,3,
E0141,Kickoff,2024-01-08,13,
E0141,Longlist,2024-02-16,14,
E0141,Shortlist,2024-03-18,10,
E0141,Offer,2024-04-13,7,
E0141,Accepted,2024-04-19,5,
E0142,Kickoff,2025-10-13,10,
E0142,Longlist,2025-11-01,10,
E0142,Shortlist,2025-11-19,3,
E0142,Offer,2025-12-05,2,
E0143,Kickoff,2025-01-20,13,
E0143,Longlist,2025-03-04,11,
E0143,Shortlist,2025-04-03,10,
E0143,Offer,2025-04-28,6,
E0143,Accepted,2025-05-06,0,
E0144,Kickoff,2024-02-01,15,
E0144,Longlist,2024-03-04,12,
E0144,Shortlist,2024-03-27,5,
E0144,Offer,2024-04-22,4,
E0144,Accepted,2024-04-27,4,
E0145,Kickoff,2025-10-01,11,
E0145,Longlist,2025-11-10,3,
E0145,Shortlist,2025-12-12,7,
E0146,Kickoff,2025-09-24,12,
E0146,Longlist,2025-10-20,9,manual review
E0146,Shortlist,2025-10-30,7,
E0146,Offer,2025-11-13,1,
E0146,Accepted,2025-11-22,2,
E0147,Kickoff,2024-01-13,11,
E0147,Longlist,2024-02-03,8,
E0148,Kickoff,2024-05-08,10,manual review
E0148,Longlist,2024-05-31,11,
E0148,Shortlist,2024-06-24,4,
E0148,Offer,2024-07-03,1,
E0148,Accepted,2024-07-12,3,
E0149,Kickoff,2024-09-22,12,
E0149,Longlist,2024-10-30,9,
E0149,Shortlist,2024-11-23,11,manual review
E0149,Offer,2024-12-19,8,
E0149,Accepted,2024-12-31,2,
E0150,Kickoff,2025-01-09,14,
E0150,Longlist,2025-02-17,9,
E0150,Shortlist,2025-03-15,8,
E0150,Offer,2025-03-22,2,
E0150,Accepted,2025-04-11,3,
E0151,Kickoff,2025-06-13,11,
E0151,Longlist,2025-07-14,13,manual review
E0151,Shortlist,2025-07-29,7,
E0151,Offer,2025-08-12,7,
E0151,Accepted,2025-08-24,2,
E0152,Kickoff,2024-11-12,12,
E0152,Longlist,2024-12-07,9,
E0152,Shortlist,2024-12-26,7,
E0152,Offer,2025-01-18,3,
E0152,Accepted,2025-01-26,2,
E0153,Kickoff,2025-03-24,11,
E0153,Longlist,2025-04-22,11,
E0153,Shortlist,2025-05-23,8,
E0153,Offer,2025-06-06,4,
E0153,Accepted,2025-06-06,1,
E0154,Kickoff,2024-01-16,9,
E0154,Longlist,2024-02-11,11,
E0154,Shortlist,2024-02-25,5,
E0154,Offer,2024-03-19,6,
E0154,Accepted,2024-04-03,2,manual review
E0155,Kickoff,2025-05-01,17,
E0155,Longlist,2025-06-10,9,
E0155,Shortlist,2025-07-08,7,
E0155,Offer,2025-07-28,7,
E0155,Accepted,2025-07-30,1,
E0156,Kickoff,2025-11-06,16,
E0156,Longlist,2025-12-12,9,
E0157,Kickoff,2025-01-26,13,
E0157,Longlist,2025-02-27,6,
E0157,Shortlist,2025-03-14,7,
E0157,Offer,2025-03-29,7,
E0157,Accepted,2025-04-21,6,
E0158,Kickoff,2024-12-01,13,
E0158,Longlist,2024-12-22,7,
E0158,Shortlist,2025-01-21,6,
E0158,Offer,2025-02-16,7,
E0158,Accepted,2025-02-25,7,
E0159,Kickoff,2024-08-04,11,manual review
E0159,Longlist,2024-08-22,9,
E0159,Shortlist,2024-09-09,10,manual review
E0159,Offer,2024-09-18,4,
E0159,Accepted,2024-09-23,1,
E0160,Kickoff,2025-12-04,7,
E0160,Longlist,2026-01-16,13,
E0161,Kickoff,2024-02-03,6,
E0162,Kickoff,2024-08-02,14,
E0162,Longlist,2024-08-17,9,
E0162,Shortlist,2024-09-17,8,
E0162,Offer,2024-10-06,9,
E0162,Accepted,2024-10-19,1,
E0163,Kickoff,2024-04-20,10,
E0163,Longlist,2024-05-18,10,
E0163,Shortlist,2024-06-15,6,
E0163,Offer,2024-06-26,5,
E0163,Accepted,2024-07-11,4,
E0164,Kickoff,2025-09-29,13,
E0164,Longlist,2025-10-24,7,
E0164,Shortlist,2025-11-08,11,
E0164,Offer,2025-11-18,4,
E0164,Accepted,2025-11-26,6,
E0165,Kickoff,2024-12-20,11,
E0165,Longlist,2025-01-30,6,
E0165,Shortlist,2025-02-23,12,
E0165,Offer,2025-03-15,4,
E0165,Accepted,2025-03-16,5,
E0166,Kickoff,2025-11-12,14,
E0166,Longlist,2025-12-23,7,
E0166,Shortlist,2026-01-26,6,
E0166,Offer,2026-02-14,1,
E0166,Accepted,2026-03-03,0,
E0167,Kickoff,2025-05-09,12,
E0167,Longlist,2025-06-16,9,
E0167,Shortlist,2025-07-10,6,
E0167,Offer,2025-07-26,1,
E0167,Accepted,2025-08-04,2,
E0168,Kickoff,2025-02-18,11,
E0168,Longlist,2025-03-05,8,
E0168,Shortlist,2025-04-01,6,
E0168,Offer,2025-04-25,4,
E0168,Accepted,2025-05-16,0,manual review
E0169,Kickoff,2025-01-13,11,
E0169,Longlist,2025-01-30,8,
E0169,Shortlist,2025-02-09,5,
E0169,Offer,2025-02-27,7,
E0169,Accepted,2025-02-28,5,
E0170,Kickoff,2024-05-30,11,
E0170,Longlist,2024-07-06,11,
E0170,Shortlist,2024-07-18,8,manual review
E0170,Offer,2024-08-12,6,manual review
E0170,Accepted,2024-08-24,6,manual review
E0171,Kickoff,2025-02-19,13,
E0171,Longlist,2025-03-17,9,manual review
E0171,Shortlist,2025-04-13,6,
E0171,Offer,2025-05-05,0,
E0171,Accepted,2025-05-11,5,
E0172,Kickoff,2025-05-17,9,
E0172,Longlist,2025-06-16,9,
E0172,Shortlist,2025-07-02,11,
E0172,Offer,2025-07-21,6,
E0172,Accepted,2025-07-22,0,
E0173,Kickoff,2025-12-07,10,
E0173,Longlist,2025-12-29,11,
E0174,Kickoff,2025-02-10,11,
E0174,Longlist,2025-03-26,7,
E0175,Kickoff,2025-11-19,12,
E0175,Longlist,2025-12-19,9,
E0176,Kickoff,2025-11-21,11,manual review
E0176,Longlist,2025-12-15,9,
E0176,Shortlist,2026-01-04,5,
E0176,Offer,2026-01-20,2,
E0177,Kickoff,2025-01-16,11,
E0177,Longlist,2025-02-02,7,
E0177,Shortlist,2025-02-28,5,
E0178,Kickoff,2024-11-19,10,
E0178,Longlist,2024-12-12,7,
E0178,Shortlist,2025-01-14,7,
E0178,Offer,2025-02-05,6,
E0178,Accepted,2025-02-25,4,
E0179,Kickoff,2024-04-21,11,
E0179,Longlist,2024-05-23,6,
E0179,Shortlist,2024-06-15,4,manual review
E0179,Offer,2024-07-09,7,
E0179,Accepted,2024-07-21,1,manual review
E0180,Kickoff,2024-07-22,12,
E0180,Longlist,2024-08-29,11,
E0180,Shortlist,2024-09-14,8,
E0180,Offer,2024-09-28,4,
E0180,Accepted,2024-09-29,1,
E0181,Kickoff,2025-10-08,10,
E0181,Longlist,2025-11-03,10,
E0181,Shortlist,2025-11-24,11,
E0181,Offer,2025-12-15,8,
E0181,Accepted,2026-01-06,6,
E0182,Kickoff,2024-04-12,11,
E0182,Longlist,2024-05-10,9,
E0182,Shortlist,2024-05-27,6,
E0182,Offer,2024-06-23,0,
E0182,Accepted,2024-07-04,2,
E0183,Kickoff,2024-10-19,9,
E0183,Longlist,2024-11-24,12,
E0184,Kickoff,2025-05-28,15,
E0184,Longlist,2025-07-03,11,
E0184,Shortlist,2025-07-20,11,
E0184,Offer,2025-08-08,8,
E0184,Accepted,2025-08-13,2,
E0185,Kickoff,2024-06-29,9,
E0185,Longlist,2024-07-24,8,
E0185,Shortlist,2024-08-14,6,
E0185,Offer,2024-08-24,4,
E0185,Accepted,2024-09-07,4,
E0186,Kickoff,2025-12-13,13,
E0186,Longlist,2026-01-16,7,
E0187,Kickoff,2025-04-23,8,manual review
E0187,Longlist,2025-05-15,9,
E0187,Shortlist,2025-06-15,4,
E0187,Offer,2025-07-01,4,
E0187,Accepted,2025-07-10,3,
E0188,Kickoff,2024-01-27,10,
E0188,Longlist,2024-02-12,10,
E0188,Shortlist,2024-03-05,6,
E0188,Offer,2024-03-20,2,manual review
E0188,Accepted,2024-04-08,6,
E0189,Kickoff,2024-07-08,11,
E0189,Longlist,2024-08-04,9,
E0190,Kickoff,2025-07-03,10,
E0190,Longlist,2025-08-06,6,
E0190,Shortlist,2025-09-09,10,
E0190,Offer,2025-09-28,9,
E0191,Kickoff,2025-09-29,12,
E0192,Kickoff,2025-11-15,16,
E0192,Longlist,2025-12-05,5,
E0193,Kickoff,2025-09-18,14,
E0193,Longlist,2025-10-26,11,
E0193,Shortlist,2025-11-28,11,
E0194,Kickoff,2024-02-24,12,
E0194,Longlist,2024-03-23,11,
E0194,Shortlist,2024-04-19,7,
E0194,Offer,2024-05-16,0,
E0194,Accepted,2024-05-19,2,
E0195,Kickoff,2025-06-24,14,
E0195,Longlist,2025-07-20,11,
E0195,Shortlist,2025-08-21,7,
E0195,Offer,2025-09-15,4,
E0195,Accepted,2025-10-02,3,
E0196,Kickoff,2024-03-27,12,
E0196,Longlist,2024-04-21,6,
E0196,Shortlist,2024-05-07,7,
E0196,Offer,2024-06-01,8,
E0196,Accepted,2024-06-15,4,
E0197,Kickoff,2024-03-05,12,
E0197,Longlist,2024-04-10,11,
E0197,Shortlist,2024-04-23,5,
E0197,Offer,2024-05-16,7,
E0197,Accepted,2024-05-19,0,
E0198,Kickoff,2025-05-25,8,
E0198,Longlist,2025-06-28,10,
E0198,Shortlist,2025-07-23,8,
E0198,Offer,2025-08-19,6,
E0198,Accepted,2025-09-04,1,manual review
E0199,Kickoff,2024-12-21,12,
E0199,Longlist,2025-01-29,8,
E0199,Shortlist,2025-02-27,13,
E0199,Offer,2025-03-22,4,
E0199,Accepted,2025-03-25,4,
E0200,Kickoff,2025-04-24,11,
E0200,Longlist,2025-05-18,13,
E0200,Shortlist,2025-06-02,9,
E0200,Offer,2025-06-09,4,
E0200,Accepted,2025-06-27,5,
E0201,Kickoff,2025-09-13,12,
E0201,Longlist,2025-10-10,7,
E0202,Kickoff,2024-02-23,12,
E0202,Longlist,2024-03-29,11,
E0202,Shortlist,2024-04-30,7,
E0202,Offer,2024-05-09,9,
E0202,Accepted,2024-05-22,3,manual review
E0203,Kickoff,2025-01-26,12,
E0203,Longlist,2025-02-14,11,
E0203,Shortlist,2025-03-10,7,
E0203,Offer,2025-04-06,4,
E0203,Accepted,2025-04-23,3,
E0204,Kickoff,2025-09-06,10,
E0204,Longlist,2025-10-03,8,
E0204,Shortlist,2025-10-17,9,
E0204,Offer,2025-10-27,3,
E0204,Accepted,2025-10-29,1,
E0205,Kickoff,2024-11-17,13,
E0205,Longlist,2024-12-04,9,
E0205,Shortlist,2025-01-06,5,
E0205,Offer,2025-02-02,7,
E0205,Accepted,2025-02-12,3,manual review
E0206,Kickoff,2025-01-21,9,
E0206,Longlist,2025-02-19,6,
E0207,Kickoff,2024-12-29,13,
E0207,Longlist,2025-01-26,11,
E0207,Shortlist,2025-02-14,5,manual review
E0207,Offer,2025-03-06,2,
E0207,Accepted,2025-03-13,1,
E0208,Kickoff,2025-11-01,10,
E0208,Longlist,2025-12-08,12,
E0209,Kickoff,2024-02-07,14,
E0209,Longlist,2024-03-19,10,
E0209,Shortlist,2024-04-15,5,
E0209,Offer,2024-05-01,2,
E0209,Accepted,2024-05-06,5,
E0210,Kickoff,2025-10-02,11,manual review
E0210,Longlist,2025-11-13,9,
E0210,Shortlist,2025-12-13,6,
E0210,Offer,2026-01-01,3,
E0211,Kickoff,2025-08-25,11,manual review
E0211,Longlist,2025-10-01,10,
E0211,Shortlist,2025-10-31,8,
E0211,Offer,2025-11-24,6,
E0211,Accepted,2025-12-11,4,
E0212,Kickoff,2025-08-18,16,
E0212,Longlist,2025-09-18,8,
E0212,Shortlist,2025-10-10,5,
E0212,Offer,2025-11-01,8,manual review
E0212,Accepted,2025-11-16,0,
E0213,Kickoff,2024-11-04,10,
E0213,Longlist,2024-12-17,13,
E0213,Shortlist,2025-01-15,7,
E0213,Offer,2025-01-27,3,
E0213,Accepted,2025-02-10,2,
E0214,Kickoff,2025-01-16,12,
E0214,Longlist,2025-02-15,8,
E0214,Shortlist,2025-03-03,7,
E0214,Offer,2025-03-29,6,
E0214,Accepted,2025-03-29,1,
E0215,Kickoff,2024-10-01,12,manual review
E0215,Longlist,2024-11-05,9,
E0215,Shortlist,2024-12-03,7,
E0216,Kickoff,2024-07-07,9,
E0216,Longlist,2024-08-20,11,
E0216,Shortlist,2024-09-12,10,
E0216,Offer,2024-10-02,4,
E0216,Accepted,2024-10-20,5,
E0217,Kickoff,2025-10-01,11,manual review
E0217,Longlist,2025-11-11,13,
E0217,Shortlist,2025-12-02,6,
E0217,Offer,2025-12-23,2,
E0217,Accepted,2026-01-14,2,
E0218,Kickoff,2025-01-07,14,
E0218,Longlist,2025-02-18,10,
E0218,Shortlist,2025-03-04,10,
E0218,Offer,2025-03-25,0,
E0218,Accepted,2025-03-27,3,
E0219,Kickoff,2025-06-18,13,
E0219,Longlist,2025-07-14,8,manual review
E0219,Shortlist,2025-07-29,10,manual review
E0219,Offer,2025-08-18,5,
E0219,Accepted,2025-08-24,4,
E0220,Kickoff,2024-03-23,13,
E0220,Longlist,2024-04-26,7,
E0220,Shortlist,2024-05-23,6,
E0220,Offer,2024-06-17,1,
E0220,Accepted,2024-07-09,2,
E0221,Kickoff,2025-08-07,14,
E0221,Longlist,2025-08-23,11,manual review
E0221,Shortlist,2025-09-18,4,manual review
E0221,Offer,2025-10-08,2,
E0221,Accepted,2025-10-11,1,manual review
E0222,Kickoff,2025-05-04,6,
E0222,Longlist,2025-06-12,11,
E0222,Shortlist,2025-07-01,7,
E0222,Offer,2025-07-10,8,
E0222,Accepted,2025-07-16,1,
E0223,Kickoff,2026-01-04,5,
E0223,Longlist,2026-02-15,11,
E0223,Shortlist,2026-03-20,6,
E0223,Offer,2026-04-13,1,
E0224,Kickoff,2024-04-07,9,
E0224,Longlist,2024-05-07,9,
E0224,Shortlist,2024-05-27,8,
E0224,Offer,2024-06-15,2,
E0224,Accepted,2024-06-25,2,
E0225,Kickoff,2025-02-06,14,
E0225,Longlist,2025-03-19,11,
E0225,Shortlist,2025-04-18,2,
E0225,Offer,2025-05-02,5,
E0225,Accepted,2025-05-09,5,
E0226,Kickoff,2025-01-13,11,
E0226,Longlist,2025-02-24,10,
E0226,Shortlist,2025-03-29,10,manual review
E0226,Offer,2025-04-06,0,
E0226,Accepted,2025-04-15,4,
E0227,Kickoff,2025-02-05,15,
E0227,Longlist,2025-02-22,8,
E0227,Shortlist,2025-03-04,8,
E0227,Offer,2025-03-26,7,
E0227,Accepted,2025-04-17,3,
E0228,Kickoff,2024-02-18,13,
E0228,Longlist,2024-03-05,10,
E0228,Shortlist,2024-03-26,6,
E0228,Offer,2024-04-06,6,
E0228,Accepted,2024-04-11,3,
E0229,Kickoff,2024-12-18,11,
E0229,Longlist,2025-01-25,3,
E0229,Shortlist,2025-02-23,8,
E0229,Offer,2025-03-11,7,
E0229,Accepted,2025-03-20,2,
E0230,Kickoff,2024-08-08,9,
E0230,Longlist,2024-09-19,9,manual review
E0230,Shortlist,2024-10-11,6,
E0230,Offer,2024-11-07,7,
E0230,Accepted,2024-11-16,1,manual review
E0231,Kickoff,2025-04-04,10,
E0231,Longlist,2025-04-21,8,
E0231,Shortlist,2025-05-11,5,
E0231,Offer,2025-05-28,2,
E0231,Accepted,2025-06-07,3,
E0232,Kickoff,2024-06-27,12,
E0232,Longlist,2024-07-31,3,
E0232,Shortlist,2024-08-10,8,
E0233,Kickoff,2024-11-20,12,
E0233,Longlist,2024-12-17,13,
E0233,Shortlist,2025-01-02,6,
E0233,Offer,2025-01-13,8,manual review
E0233,Accepted,2025-01-18,4,
E0234,Kickoff,2025-03-30,11,
E0234,Longlist,2025-05-12,8,
E0234,Shortlist,2025-05-31,6,
E0234,Offer,2025-06-25,8,
E0234,Accepted,2025-06-27,2,
E0235,Kickoff,2024-02-16,12,
E0235,Longlist,2024-03-15,11,
E0235,Shortlist,2024-03-31,7,
E0235,Offer,2024-04-08,4,
E0235,Accepted,2024-04-08,4,
E0236,Kickoff,2025-08-01,8,
E0236,Longlist,2025-08-29,10,
E0237,Kickoff,2025-06-15,10,
E0237,Longlist,2025-07-15,9,
E0237,Shortlist,2025-07-25,7,manual review
E0238,Kickoff,2024-02-16,14,
E0238,Longlist,2024-03-27,11,
E0238,Shortlist,2024-04-24,10,
E0238,Offer,2024-05-03,6,
E0238,Accepted,2024-05-12,0,
E0239,Kickoff,2024-02-23,11,
E0239,Longlist,2024-03-15,6,
E0239,Shortlist,2024-04-07,5,
E0239,Offer,2024-04-28,7,
E0239,Accepted,2024-04-29,0,
E0240,Kickoff,2025-09-19,11,
E0240,Longlist,2025-10-04,13,
E0240,Shortlist,2025-10-26,7,
E0240,Offer,2025-11-19,7,
E0241,Kickoff,2024-07-29,14,
E0241,Longlist,2024-09-08,9,
E0241,Shortlist,2024-09-26,9,manual review
E0241,Offer,2024-10-17,5,
E0241,Accepted,2024-10-29,1,
E0242,Kickoff,2025-09-28,11,
E0242,Longlist,2025-10-29,5,
E0242,Shortlist,2025-11-21,6,
E0243,Kickoff,2025-01-03,11,
E0243,Longlist,2025-01-25,9,
E0243,Shortlist,2025-02-18,4,
E0243,Offer,2025-03-17,6,
E0243,Accepted,2025-04-01,0,
E0244,Kickoff,2024-09-08,5,
E0244,Longlist,2024-09-30,9,
E0244,Shortlist,2024-10-16,8,
E0244,Offer,2024-10-28,2,
E0244,Accepted,2024-11-14,3,
E0245,Kickoff,2024-07-22,10,
E0245,Longlist,2024-08-12,12,
E0245,Shortlist,2024-08-23,6,
E0245,Offer,2024-09-13,10,
E0245,Accepted,2024-09-19,5,
E0246,Kickoff,2025-05-01,9,manual review
E0246,Longlist,2025-06-11,8,
E0246,Shortlist,2025-06-21,5,manual review
E0246,Offer,2025-07-12,6,
E0246,Accepted,2025-07-15,0,
E0247,Kickoff,2024-03-30,12,
E0247,Longlist,2024-04-17,10,manual review
E0247,Shortlist,2024-04-27,5,
E0247,Offer,2024-05-17,7,
E0247,Accepted,2024-05-18,1,
E0248,Kickoff,2024-10-27,10,
E0248,Longlist,2024-11-18,4,
E0248,Shortlist,2024-12-15,7,
E0248,Offer,2024-12-31,9,manual review
E0248,Accepted,2025-01-16,1,
E0249,Kickoff,2024-09-12,10,
E0249,Longlist,2024-10-07,7,
E0249,Shortlist,2024-11-03,10,
E0249,Offer,2024-11-23,2,
E0249,Accepted,2024-12-12,3,
E0250,Kickoff,2024-05-01,15,
E0250,Longlist,2024-05-28,13,
E0250,Shortlist,2024-06-28,5,
E0250,Offer,2024-07-24,5,
E0250,Accepted,2024-08-15,1,
E0251,Kickoff,2024-09-14,11,
E0251,Longlist,2024-10-04,8,
E0251,Shortlist,2024-10-21,3,
E0251,Offer,2024-10-31,0,
E0251,Accepted,2024-11-18,5,
E0252,Kickoff,2025-01-24,10,
E0252,Longlist,,12,
E0252,Shortlist,2025-02-24,3,
E0252,Offer,2025-03-04,6,
E0252,Accepted,2025-03-19,4,
E0253,Kickoff,2025-05-18,9,
E0253,Longlist,2025-06-21,10,
E0253,Shortlist,2025-07-18,7,
E0253,Offer,2025-08-06,2,
E0253,Accepted,2025-08-13,3,
E0254,Kickoff,2024-03-12,14,
E0254,Longlist,2024-04-22,7,
E0254,Shortlist,2024-05-19,5,
E0254,Offer,2024-06-05,6,
E0254,Accepted,2024-06-09,2,
E0255,Kickoff,2025-10-04,11,
E0255,Longlist,2025-11-14,9,
E0255,Shortlist,2025-12-14,6,
E0255,Offer,2026-01-07,5,
E0256,Kickoff,2025-10-11,10,
E0256,Longlist,2025-11-23,7,manual review
E0256,Shortlist,2025-12-19,9,
E0256,Offer,2026-01-14,2,
E0256,Accepted,2026-02-04,5,
E0257,Kickoff,2025-05-26,12,
E0257,Longlist,2025-06-11,7,
E0257,Shortlist,2025-07-13,9,
E0257,Offer,2025-08-08,0,
E0257,Accepted,2025-08-14,0,
E0258,Kickoff,2025-11-06,12,
E0258,Longlist,2025-12-01,7,
E0259,Kickoff,2024-11-14,11,
E0259,Longlist,2024-12-04,14,
E0259,Shortlist,2024-12-28,8,
E0259,Offer,2025-01-09,2,
E0259,Accepted,2025-01-15,5,
E0260,Kickoff,2025-08-31,11,
E0260,Longlist,2025-10-09,11,
E0260,Shortlist,2025-10-26,8,
E0260,Offer,2025-11-11,2,
E0261,Kickoff,2025-06-22,8,
E0261,Longlist,2025-07-19,8,
E0261,Shortlist,2025-08-21,7,
E0261,Offer,2025-09-13,7,
E0262,Kickoff,2025-02-21,11,
E0262,Longlist,2025-03-08,9,
E0262,Shortlist,2025-04-01,5,
E0262,Offer,2025-04-08,5,
E0262,Accepted,2025-04-22,2,
E0263,Kickoff,2024-05-15,11,
E0263,Longlist,2024-06-11,8,
E0263,Shortlist,2024-07-12,6,
E0263,Offer,2024-07-21,5,
E0263,Accepted,2024-07-27,0,
E0264,Kickoff,2025-02-20,8,
E0264,Longlist,2025-03-25,9,
E0264,Shortlist,2025-04-09,6,
E0264,Offer,2025-04-30,9,
E0264,Accepted,2025-05-15,0,manual review
E0265,Kickoff,2025-10-20,13,manual review
E0265,Longlist,2025-11-11,8,
E0266,Kickoff,2025-12-21,9,
E0266,Longlist,2026-02-01,11,manual review
E0267,Kickoff,2024-11-30,10,
E0267,Longlist,2024-12-22,10,
E0267,Shortlist,2025-01-24,12,
E0267,Offer,2025-02-17,7,
E0267,Accepted,2025-02-21,0,
E0268,Kickoff,2024-07-05,10,
E0268,Longlist,2024-07-30,13,
E0268,Shortlist,2024-08-27,3,
E0268,Offer,2024-09-10,3,
E0268,Accepted,2024-09-19,1,
E0269,Kickoff,2025-07-08,11,
E0269,Longlist,2025-08-19,11,manual review
E0269,Shortlist,2025-08-29,7,
E0269,Offer,2025-09-21,6,
E0269,Accepted,2025-09-25,2,
E0270,Kickoff,2024-03-04,11,
E0270,Longlist,2024-04-10,8,
E0270,Shortlist,2024-05-05,7,
E0270,Offer,2024-05-25,6,
E0270,Accepted,2024-06-08,0,
E0271,Kickoff,2024-04-22,9,
E0271,Longlist,2024-06-02,11,
E0271,Shortlist,2024-06-27,11,
E0271,Offer,2024-07-08,6,
E0271,Accepted,2024-07-26,4,
E0272,Kickoff,2025-02-16,13,
E0272,Longlist,2025-03-07,7,
E0272,Shortlist,2025-03-26,7,
E0273,Kickoff,2025-12-29,11,
E0273,Longlist,2026-02-04,8,
E0273,Shortlist,2026-02-27,6,
E0273,Offer,2026-03-11,6,
E0274,Kickoff,2024-08-30,16,
E0274,Longlist,2024-09-26,10,
E0274,Shortlist,2024-10-26,8,
E0274,Offer,2024-11-05,4,
E0274,Accepted,2024-11-21,2,manual review
E0275,Kickoff,2024-11-20,11,
E0275,Longlist,2025-01-03,10,
E0275,Shortlist,2025-02-03,7,
E0275,Offer,2025-02-15,3,
E0275,Accepted,2025-03-04,4,
E0276,Kickoff,2024-08-28,15,
E0276,Longlist,2024-09-18,11,
E0276,Shortlist,2024-10-03,5,
E0276,Offer,2024-10-11,7,
E0276,Accepted,2024-10-12,3,
E0277,Kickoff,2024-11-25,12,
E0277,Longlist,2024-12-30,6,
E0277,Shortlist,2025-01-12,4,
E0277,Offer,2025-01-22,9,
E0278,Kickoff,2024-01-09,10,
E0278,Longlist,2024-02-08,3,
E0278,Shortlist,2024-03-03,10,
E0278,Offer,2024-03-24,6,manual review
E0278,Accepted,2024-04-11,3,manual review
E0279,Kickoff,2025-03-13,10,
E0279,Longlist,2025-04-12,13,
E0279,Shortlist,2025-05-01,6,
E0279,Offer,2025-05-10,5,
E0279,Accepted,2025-05-13,6,
E0280,Kickoff,2025-03-18,9,
E0280,Longlist,2025-04-26,12,
E0280,Shortlist,2025-05-16,9,
E0281,Kickoff,2024-08-21,11,
E0281,Longlist,2024-09-09,11,
E0281,Shortlist,2024-09-27,5,
E0281,Offer,2024-10-24,8,
E0281,Accepted,2024-11-10,2,
E0282,Kickoff,2024-07-18,13,
E0282,Longlist,2024-08-19,12,
E0282,Shortlist,2024-08-31,9,
E0282,Offer,2024-09-20,6,manual review
E0282,Accepted,2024-09-24,0,
E0283,Kickoff,2025-07-17,15,
E0283,Longlist,2025-08-21,9,
E0284,Kickoff,2024-05-22,13,
E0284,Longlist,2024-06-19,4,
E0285,Kickoff,2024-02-12,10,
E0285,Longlist,2024-03-24,8,
E0286,Kickoff,2024-01-30,12,
E0286,Longlist,2024-03-11,8,
E0286,Shortlist,2024-04-08,10,
E0286,Offer,2024-04-21,8,
E0286,Accepted,2024-05-10,5,
E0287,Kickoff,2025-10-09,9,
E0287,Longlist,2025-11-01,11,
E0287,Shortlist,2025-11-15,9,
E0287,Offer,2025-11-23,8,
E0288,Kickoff,2024-09-22,14,
E0288,Longlist,2024-10-13,9,
E0288,Shortlist,2024-11-06,7,manual review
E0288,Offer,2024-11-20,6,
E0288,Accepted,2024-12-06,2,
E0289,Kickoff,2024-03-22,11,
E0289,Longlist,2024-04-11,9,
E0289,Shortlist,2024-05-04,6,
E0289,Offer,2024-05-22,2,
E0289,Accepted,2024-06-07,8,
E0290,Kickoff,2025-10-10,11,
E0290,Longlist,2025-11-03,8,
E0291,Kickoff,2024-04-19,10,
E0291,Longlist,2024-05-11,9,
E0292,Kickoff,2024-09-09,12,
E0292,Longlist,2024-09-27,9,
E0292,Shortlist,2024-10-21,11,
E0292,Offer,2024-11-02,6,
E0292,Accepted,2024-11-04,4,
E0293,Kickoff,2024-01-16,10,
E0293,Longlist,2024-02-21,6,
E0293,Shortlist,2024-03-12,7,
E0293,Offer,2024-03-20,1,
E0293,Accepted,2024-03-20,1,
E0294,Kickoff,2025-05-15,12,
E0294,Longlist,2025-06-07,12,
E0294,Shortlist,2025-06-21,7,
E0294,Offer,2025-07-04,3,
E0294,Accepted,2025-07-21,4,
E0295,Kickoff,2025-05-26,9,
E0295,Longlist,2025-06-20,7,
E0296,Kickoff,2025-07-09,9,
E0296,Longlist,2025-08-09,10,manual review
E0297,Kickoff,2024-07-15,11,
E0297,Longlist,2024-08-25,8,
E0297,Shortlist,2024-09-15,8,
E0297,Offer,2024-10-05,2,
E0297,Accepted,2024-10-26,4,
E0298,Kickoff,2024-09-03,9,
E0298,Longlist,2024-10-11,10,
E0298,Shortlist,2024-10-21,7,manual review
E0299,Kickoff,2025-11-21,13,
E0299,Longlist,2025-12-15,10,
E0299,Shortlist,2026-01-17,4,
E0300,Kickoff,2025-08-28,12,
E0300,Longlist,2025-09-29,7,
E0301,Kickoff,2024-02-02,13,
E0301,Longlist,,11,
E0301,Shortlist,2024-04-01,6,
E0301,Offer,2024-04-24,4,
E0301,Accepted,2024-04-24,4,
E0302,Kickoff,2025-05-23,13,
E0302,Longlist,2025-06-30,7,
E0302,Shortlist,2025-07-27,6,
E0302,Offer,2025-08-20,4,
E0302,Accepted,2025-09-01,2,
E0303,Kickoff,2025-08-25,11,
E0303,Longlist,2025-09-13,8,
E0303,Shortlist,2025-10-15,6,
E0304,Kickoff,2025-02-12,8,
E0305,Kickoff,2025-04-21,9,
E0305,Longlist,2025-05-14,11,
E0305,Shortlist,2025-06-06,6,
E0305,Offer,2025-06-29,6,
E0305,Accepted,2025-07-11,7,
E0306,Kickoff,2024-01-05,13,
E0306,Longlist,2024-02-01,10,
E0306,Shortlist,2024-02-20,8,
E0306,Offer,2024-02-29,7,
E0306,Accepted,2024-03-01,8,
E0307,Kickoff,2024-01-30,11,
E0307,Longlist,2024-02-21,9,
E0307,Shortlist,2024-03-25,10,
E0307,Offer,2024-04-16,5,
E0307,Accepted,2024-04-18,1,
E0308,Kickoff,2024-02-02,10,
E0308,Longlist,2024-03-07,10,
E0308,Shortlist,2024-03-25,9,
E0308,Offer,2024-04-13,3,
E0308,Accepted,2024-04-21,6,
E0309,Kickoff,2024-05-02,12,
E0309,Longlist,2024-06-14,9,
E0309,Shortlist,2024-07-15,6,
E0309,Offer,2024-07-25,5,
E0309,Accepted,2024-07-31,2,
E0310,Kickoff,2025-12-28,12,
E0310,Longlist,2026-02-09,9,
E0311,Kickoff,2025-04-09,16,
E0311,Longlist,2025-05-04,9,
E0311,Shortlist,2025-05-21,5,
E0311,Offer,2025-06-08,6,manual review
E0311,Accepted,2025-06-15,6,
E0312,Kickoff,2025-07-25,11,
E0312,Longlist,2025-08-15,10,
E0312,Shortlist,2025-08-26,6,
E0312,Offer,2025-09-08,2,
E0313,Kickoff,2024-08-09,11,
E0313,Longlist,2024-09-12,10,
E0313,Shortlist,2024-10-02,7,manual review
E0313,Offer,2024-10-29,7,
E0313,Accepted,2024-11-03,4,
E0314,Kickoff,2025-11-23,11,
E0314,Longlist,2025-12-13,9,
E0314,Shortlist,2026-01-13,8,
E0314,Offer,2026-02-04,4,
E0315,Kickoff,2024-06-02,12,
E0315,Longlist,2024-07-12,13,
E0315,Shortlist,2024-07-27,7,
E0315,Offer,2024-08-13,3,manual review
E0315,Accepted,2024-08-21,3,
E0316,Kickoff,2025-10-25,14,
E0316,Longlist,2025-11-15,7,
E0316,Shortlist,2025-11-26,10,
E0316,Offer,2025-12-07,6,
E0316,Accepted,2025-12-14,6,
E0317,Kickoff,2024-01-25,10,
E0317,Longlist,2024-02-19,10,
E0317,Shortlist,2024-03-07,8,
E0317,Offer,2024-03-18,4,manual review
E0317,Accepted,2024-03-21,4,
E0318,Kickoff,2024-01-16,11,manual review
E0318,Longlist,2024-02-14,11,
E0318,Shortlist,2024-03-12,5,
E0318,Offer,2024-03-25,6,
E0318,Accepted,2024-04-08,2,
E0319,Kickoff,2024-03-04,12,
E0319,Longlist,2024-04-08,6,
E0319,Shortlist,2024-04-22,7,
E0319,Offer,2024-05-01,5,
E0319,Accepted,2024-05-10,3,
E0320,Kickoff,2025-08-07,10,
E0320,Longlist,2025-08-27,10,
E0320,Shortlist,2025-09-06,8,
E0320,Offer,2025-09-27,4,
E0320,Accepted,2025-09-27,5,
E0321,Kickoff,2024-07-09,12,manual review
E0321,Longlist,2024-08-07,6,
E0321,Shortlist,2024-08-20,7,
E0321,Offer,2024-09-04,2,manual review
E0321,Accepted,2024-09-18,2,
E0322,Kickoff,2024-11-26,10,
E0322,Longlist,2024-12-28,5,
E0322,Shortlist,2025-01-08,7,
E0322,Offer,2025-01-16,6,
E0322,Accepted,2025-01-29,1,
E0323,Kickoff,2024-12-19,11,
E0323,Longlist,2025-01-13,9,
E0323,Shortlist,2025-01-25,9,
E0324,Kickoff,2025-07-30,10,
E0324,Longlist,2025-09-06,14,
E0324,Shortlist,2025-10-05,8,
E0324,Offer,2025-10-25,3,
E0324,Accepted,2025-11-04,5,
E0325,Kickoff,2024-09-11,16,
E0325,Longlist,2024-10-09,13,
E0325,Shortlist,2024-10-29,8,
E0325,Offer,2024-11-21,7,
E0325,Accepted,2024-12-10,0,
E0326,Kickoff,2024-01-06,14,
E0326,Longlist,2024-02-09,8,manual review
E0326,Shortlist,2024-03-10,4,
E0327,Kickoff,2024-10-14,10,
E0327,Longlist,2024-11-18,10,
E0327,Shortlist,2024-12-10,5,
E0327,Offer,2025-01-01,6,
E0327,Accepted,2025-01-03,3,
E0328,Kickoff,2024-08-04,12,
E0328,Longlist,2024-08-23,7,
E0328,Shortlist,2024-09-07,10,
E0328,Offer,2024-09-18,3,
E0328,Accepted,2024-10-03,0,
E0329,Kickoff,2025-06-22,11,
E0329,Longlist,2025-07-25,9,
E0329,Shortlist,2025-08-12,7,
E0329,Offer,2025-08-21,6,
E0329,Accepted,2025-08-28,1,
E0330,Kickoff,2025-07-06,15,
E0330,Longlist,2025-08-19,9,
E0330,Shortlist,2025-09-18,12,
E0330,Offer,2025-10-03,4,
E0330,Accepted,2025-10-27,3,
E0331,Kickoff,2024-03-15,12,
E0331,Longlist,2024-04-18,12,
E0331,Shortlist,2024-05-16,9,manual review
E0331,Offer,2024-06-07,7,
E0331,Accepted,2024-07-01,0,
E0332,Kickoff,2025-08-09,10,
E0332,Longlist,2025-09-03,8,
E0333,Kickoff,2024-02-28,12,
E0333,Longlist,2024-03-24,11,
E0333,Shortlist,2024-04-06,6,
E0333,Offer,2024-05-01,6,
E0333,Accepted,2024-05-15,2,
E0334,Kickoff,2025-03-31,15,
E0334,Longlist,2025-05-01,7,
E0334,Shortlist,2025-05-26,7,
E0334,Offer,2025-06-05,1,manual review
E0334,Accepted,2025-06-12,4,
E0335,Kickoff,2024-10-19,13,
E0335,Longlist,2024-11-28,4,
E0335,Shortlist,2024-12-18,8,
E0335,Offer,2025-01-03,5,
E0335,Accepted,2025-01-13,3,
E0336,Kickoff,2024-08-09,5,manual review
E0336,Longlist,2024-09-21,6,
E0336,Shortlist,2024-10-21,7,
E0336,Offer,2024-11-10,8,
E0336,Accepted,2024-11-12,8,
E0337,Kickoff,2024-12-18,11,
E0337,Longlist,2025-01-17,7,
E0337,Shortlist,2025-01-29,7,
E0337,Offer,2025-02-16,7,
E0337,Accepted,2025-02-21,5,
E0338,Kickoff,2024-08-14,9,
E0338,Longlist,2024-09-22,12,
E0338,Shortlist,2024-10-23,6,
E0338,Offer,2024-11-08,6,
E0338,Accepted,2024-11-25,2,
E0339,Kickoff,2025-08-04,12,
E0339,Longlist,2025-09-02,12,
E0339,Shortlist,2025-09-22,10,
E0339,Offer,2025-10-12,5,
E0339,Accepted,2025-10-30,8,
E0340,Kickoff,2025-12-06,14,
E0340,Longlist,2025-12-25,10,
E0340,Shortlist,2026-01-17,9,
E0340,Offer,2026-02-13,7,manual review
E0341,Kickoff,2025-08-20,13,
E0341,Longlist,2025-09-26,8,
E0341,Shortlist,2025-10-27,8,
E0341,Offer,2025-11-19,2,
E0341,Accepted,2025-12-01,1,
E0342,Kickoff,2024-11-22,11,
E0342,Longlist,2024-12-13,5,
E0342,Shortlist,2025-01-08,11,
E0342,Offer,2025-01-31,7,
E0342,Accepted,2025-02-16,3,
E0343,Kickoff,2025-01-09,12,
E0343,Longlist,2025-02-20,8,
E0343,Shortlist,2025-03-21,8,manual review
E0343,Offer,2025-04-08,5,
E0343,Accepted,2025-04-19,3,
E0344,Kickoff,2024-11-30,8,
E0344,Longlist,2025-01-09,6,
E0344,Shortlist,2025-02-02,5,manual review
E0344,Offer,2025-02-15,5,
E0344,Accepted,2025-03-02,4,
E0345,Kickoff,2025-08-09,15,
E0345,Longlist,2025-09-03,6,
E0345,Shortlist,2025-09-14,4,
E0345,Offer,2025-09-29,7,manual review
E0346,Kickoff,2025-02-13,14,
E0346,Longlist,2025-02-28,9,
E0346,Shortlist,2025-03-29,9,
E0346,Offer,2025-04-19,4,
E0346,Accepted,2025-05-09,6,
E0347,Kickoff,2024-12-08,13,
E0347,Longlist,2024-12-25,13,
E0347,Shortlist,2025-01-13,8,
E0347,Offer,2025-02-02,4,
E0347,Accepted,2025-02-19,0,manual review
E0348,Kickoff,2024-10-31,11,
E0348,Longlist,2024-11-17,11,
E0348,Shortlist,2024-12-06,8,
E0348,Offer,2024-12-20,1,manual review
E0348,Accepted,2025-01-01,0,
E0349,Kickoff,2024-10-09,9,manual review
E0349,Longlist,2024-11-14,10,
E0349,Shortlist,2024-12-03,4,
E0349,Offer,2024-12-24,1,
E0349,Accepted,2025-01-08,1,
E0350,Kickoff,2025-02-09,6,manual review
E0350,Longlist,2025-03-21,13,
E0350,Shortlist,2025-04-09,8,
E0351,Kickoff,2025-05-18,9,
E0351,Longlist,2025-06-25,8,
E0351,Shortlist,2025-07-12,10,
E0351,Offer,2025-07-23,4,
E0351,Accepted,2025-08-01,7,
E0352,Kickoff,2024-11-17,10,
E0352,Longlist,2024-12-12,12,
E0352,Shortlist,2025-01-11,3,
E0352,Offer,2025-01-27,5,
E0352,Accepted,2025-02-13,3,
E0353,Kickoff,2025-08-11,11,
E0353,Longlist,2025-09-10,13,
E0353,Shortlist,2025-10-08,11,
E0354,Kickoff,2025-08-27,11,
E0355,Kickoff,2024-11-11,14,
E0355,Longlist,2024-12-17,12,
E0355,Shortlist,2025-01-10,5,
E0355,Offer,2025-02-01,2,
E0355,Accepted,2025-02-24,4,
E0356,Kickoff,2025-11-01,10,
E0356,Longlist,2025-11-20,11,
E0356,Shortlist,2025-12-03,4,
E0356,Offer,2025-12-12,7,
E0357,Kickoff,2024-05-12,11,
E0357,Longlist,2024-06-06,11,
E0357,Shortlist,2024-07-01,9,manual review
E0357,Offer,2024-07-16,2,
E0357,Accepted,2024-07-23,3,
E0358,Kickoff,2025-11-20,8,
E0358,Longlist,2025-12-09,9,
E0358,Shortlist,2026-01-03,9,
E0358,Offer,2026-01-19,8,
E0358,Accepted,2026-01-19,0,
E0359,Kickoff,2024-08-11,15,
E0359,Longlist,2024-09-15,13,
E0359,Shortlist,2024-10-08,6,
E0359,Offer,2024-10-19,7,
E0359,Accepted,2024-11-12,5,
E0360,Kickoff,2025-02-18,7,
E0360,Longlist,2025-03-19,9,
E0360,Shortlist,2025-04-03,7,
E0360,Offer,2025-04-18,5,
E0360,Accepted,2025-05-11,7,
E0361,Kickoff,2024-08-01,12,
E0361,Longlist,2024-09-02,10,
E0361,Shortlist,2024-10-01,7,
E0361,Offer,2024-10-15,2,
E0361,Accepted,2024-10-15,3,
E0362,Kickoff,2024-11-24,12,
E0362,Longlist,2024-12-22,10,
E0362,Shortlist,2025-01-03,10,
E0362,Offer,2025-01-16,0,
E0362,Accepted,2025-02-08,0,
E0363,Kickoff,2024-09-10,15,
E0363,Longlist,2024-10-04,11,
E0363,Shortlist,2024-10-22,4,
E0363,Offer,2024-10-29,5,
E0363,Accepted,2024-10-29,0,manual review
E0364,Kickoff,2025-06-05,13,
E0364,Longlist,2025-07-12,4,
E0364,Shortlist,2025-08-13,11,
E0364,Offer,2025-09-09,4,
E0364,Accepted,2025-10-03,6,
E0365,Kickoff,2024-03-09,10,
E0365,Longlist,2024-04-16,10,
E0365,Shortlist,2024-05-15,8,
E0366,Kickoff,2025-09-03,12,
E0366,Longlist,2025-09-24,9,
E0366,Shortlist,2025-10-21,10,
E0367,Kickoff,2025-10-30,15,
E0367,Longlist,2025-12-12,8,
E0368,Kickoff,2025-02-22,10,
E0368,Longlist,2025-03-18,9,
E0368,Shortlist,2025-04-17,15,
E0368,Offer,2025-04-28,3,
E0368,Accepted,2025-05-03,2,
E0369,Kickoff,2025-02-05,16,manual review
E0369,Longlist,2025-03-06,9,
E0369,Shortlist,2025-04-03,9,
E0369,Offer,2025-04-27,6,
E0369,Accepted,2025-05-09,1,
E0370,Kickoff,2025-06-03,10,
E0370,Longlist,2025-07-17,3,
E0371,Kickoff,2024-06-03,11,manual review
E0371,Longlist,2024-07-06,8,
E0371,Shortlist,2024-08-06,6,
E0371,Offer,2024-08-14,4,
E0371,Accepted,2024-08-28,7,
E0372,Kickoff,2025-07-02,8,
E0372,Longlist,2025-08-05,7,manual review
E0372,Shortlist,2025-08-27,9,
E0372,Offer,2025-09-04,4,
E0372,Accepted,2025-09-11,2,
E0373,Kickoff,2024-06-15,13,
E0373,Longlist,2024-07-20,10,
E0373,Shortlist,2024-08-13,8,
E0373,Offer,2024-08-22,2,
E0374,Kickoff,2025-05-13,13,
E0374,Longlist,2025-06-10,9,manual review
E0374,Shortlist,2025-06-23,5,
E0374,Offer,2025-07-06,0,
E0374,Accepted,2025-07-22,1,
E0375,Kickoff,2024-08-12,9,
E0375,Longlist,2024-09-20,8,manual review
E0375,Shortlist,2024-10-10,8,
E0375,Offer,2024-10-25,5,
E0375,Accepted,2024-11-14,2,
E0376,Kickoff,2025-07-03,11,
E0376,Longlist,2025-08-16,7,
E0376,Shortlist,2025-09-12,8,
E0376,Offer,2025-10-04,1,
E0376,Accepted,2025-10-04,5,manual review
E0377,Kickoff,2025-08-07,12,
E0377,Longlist,2025-08-30,9,
E0377,Shortlist,2025-09-12,8,
E0377,Offer,2025-09-28,5,
E0377,Accepted,2025-09-28,6,
E0378,Kickoff,2024-06-07,14,
E0378,Longlist,2024-06-26,9,
E0378,Shortlist,2024-07-30,8,
E0378,Offer,2024-08-17,4,
E0378,Accepted,2024-08-31,5,
E0379,Kickoff,2025-04-02,17,manual review
E0379,Longlist,2025-05-02,9,
E0379,Shortlist,2025-06-02,6,
E0379,Offer,2025-06-27,1,
E0380,Kickoff,2025-01-01,10,
E0380,Longlist,2025-02-01,8,
E0380,Shortlist,2025-03-04,9,
E0380,Offer,2025-03-29,1,
E0380,Accepted,2025-03-29,3,
E0381,Kickoff,2024-08-09,15,
E0381,Longlist,2024-09-19,7,
E0381,Shortlist,2024-10-15,5,
E0381,Offer,2024-11-04,9,manual review
E0381,Accepted,2024-11-12,2,
E0382,Kickoff,2025-03-09,11,
E0382,Longlist,2025-03-30,11,
E0382,Shortlist,2025-04-16,4,
E0382,Offer,2025-05-05,2,
E0382,Accepted,2025-05-28,3,
E0383,Kickoff,2026-01-01,9,
E0383,Longlist,2026-02-12,8,
E0384,Kickoff,2024-01-07,11,
E0384,Longlist,2024-02-02,10,
E0384,Shortlist,2024-02-19,2,
E0384,Offer,2024-03-07,5,
E0384,Accepted,2024-03-24,4,
E0385,Kickoff,2025-11-29,7,
E0385,Longlist,2025-12-18,9,manual review
E0386,Kickoff,2025-09-17,19,
E0386,Longlist,2025-10-10,8,
E0386,Shortlist,2025-10-24,9,
E0386,Offer,2025-11-03,2,manual review
E0387,Kickoff,2025-01-28,13,
E0387,Longlist,2025-02-14,12,
E0387,Shortlist,2025-03-18,12,
E0387,Offer,2025-04-01,0,
E0387,Accepted,2025-04-08,0,
E0388,Kickoff,2025-03-30,12,
E0388,Longlist,2025-05-13,12,
E0389,Kickoff,2024-10-05,11,manual review
E0389,Longlist,2024-11-01,6,
E0389,Shortlist,2024-11-25,3,
E0389,Offer,2024-12-16,5,
E0389,Accepted,2024-12-18,0,
E0390,Kickoff,2024-04-12,8,manual review
E0390,Longlist,2024-05-15,7,
E0390,Shortlist,2024-06-05,7,
E0390,Offer,2024-06-23,3,
E0390,Accepted,2024-07-10,2,
E0391,Kickoff,2025-02-22,12,manual review
E0391,Longlist,2025-03-18,9,
E0391,Shortlist,2025-04-04,4,
E0392,Kickoff,2025-08-27,11,
E0392,Longlist,2025-09-12,10,
E0392,Shortlist,2025-09-24,6,
E0392,Offer,2025-10-12,0,
E0392,Accepted,2025-11-01,0,
E0393,Kickoff,2024-06-19,13,
E0393,Longlist,2024-07-06,5,
E0393,Shortlist,2024-07-20,6,
E0393,Offer,2024-08-16,5,
E0393,Accepted,2024-09-06,5,
E0394,Kickoff,2025-06-16,11,manual review
E0394,Longlist,2025-07-05,7,
E0394,Shortlist,2025-07-30,7,
E0394,Offer,2025-08-06,4,
E0394,Accepted,2025-08-08,1,
E0395,Kickoff,2025-07-08,12,manual review
E0395,Longlist,2025-08-11,10,
E0395,Shortlist,2025-09-14,6,
E0395,Offer,2025-10-02,2,manual review
E0395,Accepted,2025-10-13,2,
E0396,Kickoff,2025-07-09,10,
E0396,Longlist,2025-07-28,6,
E0396,Shortlist,2025-08-24,10,
E0396,Offer,2025-09-09,8,
E0396,Accepted,2025-09-11,2,
E0397,Kickoff,2024-09-14,10,
E0397,Longlist,2024-10-03,14,
E0397,Shortlist,2024-10-31,4,
E0397,Offer,2024-11-22,6,
E0397,Accepted,2024-12-03,3,
E0398,Kickoff,2024-10-13,10,
E0398,Longlist,2024-11-03,9,
E0398,Shortlist,2024-11-30,13,
E0398,Offer,2024-12-27,7,
E0398,Accepted,2025-01-05,3,
E0399,Kickoff,2024-11-01,15,
E0399,Longlist,2024-11-17,11,
E0399,Shortlist,2024-11-30,9,
E0399,Offer,2024-12-16,1,
E0399,Accepted,2024-12-19,0,
E0400,Kickoff,2025-09-15,12,
E0400,Longlist,2025-09-30,6,
E0400,Shortlist,2025-10-19,5,
E0400,Offer,2025-10-31,4,
E0400,Accepted,2025-11-23,5,
E0401,Kickoff,2025-10-26,11,
E0401,Longlist,2025-11-18,7,
E0402,Kickoff,2024-11-03,9,
E0402,Longlist,2024-11-30,7,
E0402,Shortlist,2024-12-10,5,
E0402,Offer,2024-12-27,3,
E0402,Accepted,2025-01-01,2,
E0403,Kickoff,2025-12-11,8,manual review
E0403,Longlist,2026-01-05,6,
E0403,Shortlist,2026-02-02,8,
E0403,Offer,2026-02-21,4,
E0403,Accepted,2026-02-27,1,
E0404,Kickoff,2025-02-20,14,
E0404,Longlist,2025-03-19,8,
E0404,Shortlist,2025-04-11,6,
E0404,Offer,2025-04-20,6,
E0404,Accepted,2025-04-24,3,
E0405,Kickoff,2024-10-13,11,
E0405,Longlist,2024-11-18,8,
E0405,Shortlist,2024-12-19,9,
E0405,Offer,2025-01-05,5,
E0405,Accepted,2025-01-07,1,
E0406,Kickoff,2024-01-04,13,
E0406,Longlist,2024-01-25,8,
E0406,Shortlist,2024-02-12,7,
E0406,Offer,2024-02-20,6,
E0406,Accepted,2024-03-06,1,
E0407,Kickoff,2025-03-23,11,
E0407,Longlist,2025-04-09,10,
E0407,Shortlist,2025-05-10,9,manual review
E0407,Offer,2025-05-26,9,
E0407,Accepted,2025-06-14,0,
E0408,Kickoff,2025-04-18,11,
E0408,Longlist,2025-05-21,9,
E0408,Shortlist,2025-06-22,7,
E0408,Offer,2025-07-15,6,manual review
E0408,Accepted,2025-07-16,6,manual review
E0409,Kickoff,2025-12-09,12,
E0409,Longlist,2026-01-06,8,
E0410,Kickoff,2025-06-14,11,
E0410,Longlist,2025-07-21,9,
E0411,Kickoff,2024-01-28,12,
E0411,Longlist,2024-03-10,7,
E0411,Shortlist,2024-04-11,7,manual review
E0411,Offer,2024-04-26,8,
E0411,Accepted,2024-05-04,4,
E0412,Kickoff,2025-02-26,12,
E0412,Longlist,,8,
E0412,Shortlist,2025-04-23,9,
E0412,Offer,2025-05-09,3,
E0412,Accepted,2025-05-10,4,
E0413,Kickoff,2025-07-01,11,
E0413,Longlist,2025-07-28,8,
E0413,Shortlist,2025-08-09,6,
E0413,Offer,2025-08-21,5,
E0413,Accepted,2025-09-06,5,
E0414,Kickoff,2024-12-31,9,manual review
E0414,Longlist,2025-01-21,9,
E0414,Shortlist,2025-02-16,3,manual review
E0414,Offer,2025-03-13,4,manual review
E0414,Accepted,2025-03-28,4,manual review
E0415,Kickoff,2024-11-11,9,
E0415,Longlist,2024-12-12,11,manual review
E0416,Kickoff,2025-08-21,11,
E0416,Longlist,2025-09-06,10,
E0416,Shortlist,2025-09-27,6,manual review
E0416,Offer,2025-10-10,5,
E0417,Kickoff,2025-03-25,11,
E0417,Longlist,2025-04-11,6,
E0417,Shortlist,2025-05-13,9,
E0417,Offer,2025-06-04,5,
E0417,Accepted,2025-06-24,4,
E0418,Kickoff,2025-05-21,9,
E0418,Longlist,2025-06-26,11,
E0418,Shortlist,2025-07-06,10,
E0418,Offer,2025-07-30,6,
E0418,Accepted,2025-08-09,0,
E0419,Kickoff,2024-12-04,13,
E0419,Longlist,2025-01-17,11,
E0419,Shortlist,2025-02-16,8,
E0420,Kickoff,2024-07-24,15,
E0420,Longlist,2024-08-23,9,
E0420,Shortlist,2024-09-04,7,manual review
E0420,Offer,2024-09-30,4,manual review
E0420,Accepted,2024-10-16,4,manual review
E0421,Kickoff,2025-01-16,10,
E0421,Longlist,2025-02-23,11,
E0421,Shortlist,2025-03-13,4,
E0421,Offer,2025-03-23,7,
E0421,Accepted,2025-03-25,4,
E0422,Kickoff,2025-12-10,13,
E0422,Longlist,2026-01-22,14,
E0422,Shortlist,2026-02-06,6,manual review
E0422,Offer,2026-02-27,4,
E0423,Kickoff,2025-03-21,11,
E0423,Longlist,2025-04-27,8,
E0423,Shortlist,2025-05-19,5,
E0423,Offer,2025-05-26,6,
E0423,Accepted,2025-05-26,0,
E0424,Kickoff,2025-06-08,10,
E0424,Longlist,2025-07-08,11,
E0424,Shortlist,2025-08-02,10,
E0424,Offer,2025-08-21,5,
E0425,Kickoff,2024-04-09,12,
E0425,Longlist,2024-05-03,9,
E0425,Shortlist,2024-05-24,8,
E0426,Kickoff,2025-12-29,12,manual review
E0426,Longlist,2026-01-14,11,
E0426,Shortlist,2026-01-26,11,
E0426,Offer,2026-02-04,8,
E0427,Kickoff,2024-06-29,12,
E0427,Longlist,2024-08-09,8,
E0427,Shortlist,2024-08-21,3,
E0427,Offer,2024-09-03,2,
E0427,Accepted,2024-09-06,4,
E0428,Kickoff,2025-12-12,13,manual review
E0428,Longlist,2026-01-15,12,
E0428,Shortlist,2026-01-31,3,
E0428,Offer,2026-02-07,4,
E0428,Accepted,2026-02-22,2,
E0429,Kickoff,2024-11-22,12,
E0429,Longlist,2024-12-17,9,manual review
E0429,Shortlist,2025-01-02,4,
E0430,Kickoff,2025-11-08,15,
E0430,Longlist,2025-11-28,7,
E0430,Shortlist,2025-12-12,3,
E0430,Offer,2025-12-30,1,
E0430,Accepted,2026-01-20,3,
E0431,Kickoff,2025-10-20,13,
E0431,Longlist,2025-11-24,13,
E0431,Shortlist,2025-12-04,11,
E0432,Kickoff,2025-07-10,5,
E0432,Longlist,2025-08-05,12,
E0432,Shortlist,2025-08-22,4,
E0432,Offer,2025-09-08,0,
E0432,Accepted,2025-09-16,0,
E0433,Kickoff,2025-11-04,11,
E0434,Kickoff,2025-03-22,7,
E0434,Longlist,2025-05-05,9,
E0434,Shortlist,2025-05-21,6,
E0434,Offer,2025-05-31,5,
E0434,Accepted,2025-06-13,3,
E0435,Kickoff,2025-09-14,7,
E0435,Longlist,2025-10-19,9,
E0435,Shortlist,2025-11-02,8,
E0435,Offer,2025-11-28,6,
E0436,Kickoff,2024-05-08,12,
E0436,Longlist,2024-06-01,11,
E0436,Shortlist,2024-06-29,4,
E0436,Offer,2024-07-24,7,manual review
E0436,Accepted,2024-08-11,0,
E0437,Kickoff,2024-02-22,13,
E0437,Longlist,2024-03-17,11,manual review
E0437,Shortlist,2024-04-13,6,
E0437,Offer,2024-04-29,4,
E0437,Accepted,2024-05-16,1,manual review
E0438,Kickoff,2025-02-06,11,
E0438,Longlist,2025-03-19,8,manual review
E0438,Shortlist,2025-04-07,9,
E0439,Kickoff,2025-08-23,10,
E0439,Longlist,2025-09-09,9,
E0440,Kickoff,2025-07-14,13,
E0440,Longlist,2025-08-09,11,
E0440,Shortlist,2025-09-08,7,
E0440,Offer,2025-09-26,5,
E0441,Kickoff,2025-01-27,13,
E0441,Longlist,2025-02-14,9,
E0441,Shortlist,2025-03-12,8,
E0441,Offer,2025-03-29,5,
E0441,Accepted,2025-04-18,0,
E0442,Kickoff,2025-01-22,7,
E0442,Longlist,2025-02-07,10,
E0442,Shortlist,2025-03-10,5,
E0442,Offer,2025-04-06,6,
E0442,Accepted,2025-04-29,5,
E0443,Kickoff,2025-03-22,10,
E0443,Longlist,2025-04-14,14,manual review
E0443,Shortlist,2025-05-02,6,
E0443,Offer,2025-05-16,6,
E0443,Accepted,2025-05-25,1,manual review
E0444,Kickoff,2025-09-30,12,
E0444,Longlist,2025-10-21,9,
E0445,Kickoff,2025-09-12,15,
E0445,Longlist,2025-09-30,6,
E0445,Shortlist,2025-10-17,9,
E0445,Offer,2025-11-01,5,manual review
E0446,Kickoff,2024-03-29,11,
E0446,Longlist,2024-04-13,8,manual review
E0446,Shortlist,2024-05-02,8,
E0446,Offer,2024-05-26,3,
E0446,Accepted,2024-06-12,3,manual review
E0447,Kickoff,2025-03-13,16,
E0447,Longlist,2025-04-01,11,
E0447,Shortlist,2025-04-19,9,
E0447,Offer,2025-05-05,8,
E0447,Accepted,2025-05-13,3,
E0448,Kickoff,2024-10-12,12,
E0448,Longlist,2024-11-24,9,
E0448,Shortlist,2024-12-24,7,
E0448,Offer,2025-01-19,6,
E0448,Accepted,2025-01-30,0,
E0449,Kickoff,2025-08-14,11,
E0449,Longlist,2025-09-12,8,manual review
E0449,Shortlist,2025-09-28,9,
E0450,Kickoff,2025-01-12,15,
E0450,Longlist,2025-02-25,15,
E0450,Shortlist,2025-03-15,3,manual review
E0450,Offer,2025-03-29,4,
E0450,Accepted,2025-04-04,5,
E0451,Kickoff,2025-12-24,11,
E0451,Longlist,2026-02-01,12,
E0451,Shortlist,2026-03-02,7,
E0451,Offer,2026-03-22,5,
E0452,Kickoff,2024-11-18,9,
E0452,Longlist,2024-12-03,12,
E0452,Shortlist,2024-12-25,7,manual review
E0452,Offer,2025-01-09,7,
E0452,Accepted,2025-01-30,3,
E0453,Kickoff,2025-05-10,7,
E0453,Longlist,2025-06-18,11,manual review
E0453,Shortlist,2025-07-15,11,
E0453,Offer,2025-08-06,5,
E0453,Accepted,2025-08-24,2,
E0454,Kickoff,2024-03-26,8,
E0454,Longlist,2024-04-17,11,manual review
E0454,Shortlist,2024-05-12,10,
E0454,Offer,2024-06-05,1,
E0454,Accepted,2024-06-06,5,
E0455,Kickoff,2025-11-12,10,
E0455,Longlist,2025-12-21,11,
E0456,Kickoff,2024-04-29,12,
E0456,Longlist,2024-05-19,8,
E0456,Shortlist,2024-06-05,6,manual review
E0456,Offer,2024-06-14,1,
E0456,Accepted,2024-07-06,4,
E0457,Kickoff,2024-10-05,10,
E0457,Longlist,2024-10-28,7,
E0457,Shortlist,2024-11-19,5,
E0457,Offer,2024-12-12,8,
E0457,Accepted,2024-12-26,4,
E0458,Kickoff,2025-09-05,14,
E0458,Longlist,2025-10-09,8,
E0458,Shortlist,2025-11-04,7,
E0458,Offer,2025-11-15,2,
E0458,Accepted,2025-12-06,5,
E0459,Kickoff,2025-12-12,12,
E0459,Longlist,2026-01-21,10,
E0460,Kickoff,2024-12-27,10,
E0460,Longlist,2025-02-09,8,
E0460,Shortlist,2025-03-11,7,
E0460,Offer,2025-03-23,7,
E0460,Accepted,2025-03-28,3,
E0461,Kickoff,2024-12-24,15,
E0461,Longlist,2025-01-26,10,
E0461,Shortlist,2025-02-19,4,
E0461,Offer,2025-03-09,9,
E0461,Accepted,2025-04-02,1,
E0462,Kickoff,2024-02-08,9,
E0462,Longlist,2024-02-29,9,
E0462,Shortlist,2024-03-23,6,
E0462,Offer,2024-03-30,5,
E0462,Accepted,2024-04-16,2,
E0463,Kickoff,2025-12-17,11,
E0463,Longlist,2026-01-21,10,
E0464,Kickoff,2024-01-20,11,
E0464,Longlist,2024-02-05,14,
E0464,Shortlist,2024-02-24,7,
E0464,Offer,2024-03-22,3,
E0464,Accepted,2024-04-11,5,
E0465,Kickoff,2024-01-27,11,
E0465,Longlist,2024-02-25,11,manual review
E0465,Shortlist,2024-03-13,4,
E0465,Offer,2024-04-02,6,
E0465,Accepted,2024-04-05,6,
E0466,Kickoff,2024-12-17,9,
E0466,Longlist,2025-01-25,10,
E0466,Shortlist,2025-02-04,7,
E0466,Offer,2025-02-22,5,
E0466,Accepted,2025-02-24,5,manual review
E0467,Kickoff,2024-01-12,11,
E0467,Longlist,2024-02-20,10,
E0468,Kickoff,2024-05-04,13,
E0468,Longlist,2024-06-08,12,manual review
E0468,Shortlist,2024-07-09,8,
E0468,Offer,2024-08-04,7,
E0468,Accepted,2024-08-18,1,
E0469,Kickoff,2025-04-08,9,
E0469,Longlist,2025-05-22,9,
E0469,Shortlist,2025-06-15,6,
E0469,Offer,2025-06-22,5,
E0469,Accepted,2025-06-27,1,
E0470,Kickoff,2025-06-04,12,
E0470,Longlist,2025-06-21,8,
E0470,Shortlist,2025-07-24,9,
E0470,Offer,2025-07-31,2,
E0470,Accepted,2025-08-08,5,
E0471,Kickoff,2024-08-12,11,
E0471,Longlist,2024-09-04,8,
E0471,Shortlist,2024-09-14,3,
E0471,Offer,2024-10-08,6,
E0471,Accepted,2024-10-23,1,
E0472,Kickoff,2025-08-03,10,
E0472,Longlist,2025-09-16,13,manual review
E0472,Shortlist,2025-10-03,7,
E0472,Offer,2025-10-22,5,
E0472,Accepted,2025-11-14,0,
E0473,Kickoff,2025-03-24,12,
E0473,Longlist,2025-04-24,9,
E0473,Shortlist,2025-05-23,8,manual review
E0473,Offer,2025-06-16,9,
E0473,Accepted,2025-06-29,1,
E0474,Kickoff,2024-06-24,9,
E0474,Longlist,2024-07-14,10,
E0475,Kickoff,2025-06-06,12,
E0475,Longlist,2025-07-02,10,
E0475,Shortlist,2025-08-03,8,
E0475,Offer,2025-08-11,4,
E0475,Accepted,2025-08-23,2,
E0476,Kickoff,2025-03-12,12,
E0476,Longlist,2025-04-04,6,
E0476,Shortlist,2025-04-15,6,
E0476,Offer,2025-04-27,9,
E0476,Accepted,2025-05-21,4,
E0477,Kickoff,2025-08-20,10,
E0477,Longlist,2025-09-27,11,
E0477,Shortlist,2025-10-11,4,
E0477,Offer,2025-10-25,4,
E0477,Accepted,2025-11-11,4,
E0478,Kickoff,2024-04-22,10,manual review
E0478,Longlist,2024-05-13,9,
E0479,Kickoff,2024-06-26,5,
E0479,Longlist,2024-07-24,9,
E0479,Shortlist,2024-08-26,6,
E0479,Offer,2024-09-08,8,
E0479,Accepted,2024-09-30,6,manual review
E0480,Kickoff,2024-08-17,13,
E0480,Longlist,2024-09-11,9,
E0481,Kickoff,2024-09-10,10,
E0481,Longlist,2024-10-23,11,
E0481,Shortlist,2024-11-15,4,
E0481,Offer,2024-12-11,4,
E0481,Accepted,2024-12-17,2,
E0482,Kickoff,2025-10-14,10,
E0483,Kickoff,2025-06-25,10,
E0483,Longlist,2025-07-26,9,
E0483,Shortlist,2025-08-06,8,
E0483,Offer,2025-09-01,4,
E0483,Accepted,2025-09-21,5,
E0484,Kickoff,2025-02-03,10,
E0484,Longlist,2025-03-18,11,
E0484,Shortlist,2025-04-08,7,
E0484,Offer,2025-04-26,5,
E0484,Accepted,2025-05-08,1,
E0485,Kickoff,2025-02-03,13,
E0485,Longlist,2025-03-02,13,
E0485,Shortlist,2025-03-24,7,
E0485,Offer,2025-04-16,3,
E0485,Accepted,2025-04-27,7,
E0486,Kickoff,2025-10-11,10,manual review
E0486,Longlist,2025-11-19,9,
E0486,Shortlist,2025-11-30,7,
E0486,Offer,2025-12-16,4,
E0486,Accepted,2026-01-06,6,
E0487,Kickoff,2024-11-24,12,
E0487,Longlist,2025-01-06,13,
E0487,Shortlist,2025-02-08,7,
E0487,Offer,2025-03-03,5,
E0487,Accepted,2025-03-26,1,
E0488,Kickoff,2024-06-13,12,
E0488,Longlist,2024-07-21,11,
E0488,Shortlist,2024-08-22,4,manual review
E0489,Kickoff,2024-04-12,10,
E0490,Kickoff,2024-08-30,14,
E0490,Longlist,2024-10-03,11,
E0490,Shortlist,2024-10-14,8,
E0490,Offer,2024-11-03,6,
E0490,Accepted,2024-11-14,3,
E0491,Kickoff,2025-04-21,11,
E0491,Longlist,2025-06-02,8,
E0491,Shortlist,2025-06-24,10,
E0491,Offer,2025-07-11,7,
E0491,Accepted,2025-07-31,2,
E0492,Kickoff,2024-12-16,8,
E0492,Longlist,2025-01-13,9,
E0492,Shortlist,2025-01-27,11,
E0492,Offer,2025-02-13,4,
E0492,Accepted,2025-02-28,5,
E0493,Kickoff,2024-11-04,12,
E0493,Longlist,2024-12-09,12,
E0493,Shortlist,2025-01-07,7,
E0493,Offer,2025-02-01,3,
E0493,Accepted,2025-02-08,1,
E0494,Kickoff,2024-12-24,13,
E0494,Longlist,2025-02-02,6,
E0494,Shortlist,2025-03-07,5,
E0494,Offer,2025-03-28,4,
E0494,Accepted,2025-04-11,4,
E0495,Kickoff,2025-12-17,11,
E0495,Longlist,,8,
E0496,Kickoff,2026-01-05,13,
E0496,Longlist,2026-01-20,12,
E0496,Shortlist,2026-02-13,13,
E0496,Offer,2026-03-04,6,
E0497,Kickoff,2024-05-02,12,
E0497,Longlist,2024-05-20,12,
E0497,Shortlist,2024-06-11,6,
E0497,Offer,2024-07-01,2,
E0497,Accepted,2024-07-20,2,
E0498,Kickoff,2024-03-27,10,
E0498,Longlist,2024-05-04,13,
E0498,Shortlist,2024-05-17,10,
E0498,Offer,2024-06-11,4,
E0498,Accepted,2024-06-23,3,
E0499,Kickoff,2024-07-02,10,
E0499,Longlist,2024-08-13,9,
E0499,Shortlist,2024-09-11,3,
E0499,Offer,2024-09-30,4,
E0499,Accepted,2024-09-30,2,
E0500,Kickoff,2025-09-18,14,
E0500,Longlist,2025-10-08,8,
E0500,Shortlist,2025-11-08,8,
E0501,Kickoff,2024-12-04,12,
E0501,Longlist,2024-12-25,12,
E0502,Kickoff,2025-09-23,13,
E0502,Longlist,2025-10-31,8,
E0502,Shortlist,2025-11-15,7,
E0502,Offer,2025-11-22,7,
E0502,Accepted,2025-12-03,6,
E0503,Kickoff,2025-04-20,14,
E0503,Longlist,2025-05-22,7,
E0503,Shortlist,2025-06-07,6,
E0503,Offer,2025-07-04,5,
E0503,Accepted,2025-07-10,2,
E0504,Kickoff,2025-02-08,13,
E0504,Longlist,2025-02-27,6,
E0504,Shortlist,2025-03-18,8,
E0504,Offer,2025-04-05,7,
E0504,Accepted,2025-04-24,1,
E0505,Kickoff,2024-07-25,8,
E0505,Longlist,2024-08-27,12,
E0505,Shortlist,2024-09-29,9,
E0505,Offer,2024-10-19,4,
E0505,Accepted,2024-10-28,7,
E0506,Kickoff,2024-09-17,11,
E0506,Longlist,2024-10-05,6,
E0506,Shortlist,2024-10-19,10,
E0506,Offer,2024-10-29,5,manual review
E0506,Accepted,2024-11-12,4,
E0507,Kickoff,2024-04-21,14,
E0507,Longlist,2024-05-24,7,
E0507,Shortlist,2024-06-11,6,
E0507,Offer,2024-06-19,1,
E0507,Accepted,2024-06-20,6,
E0508,Kickoff,2025-01-20,11,
E0508,Longlist,2025-02-25,11,
E0508,Shortlist,2025-03-16,5,
E0508,Offer,2025-03-24,4,
E0508,Accepted,2025-04-12,5,
E0509,Kickoff,2024-07-30,11,
E0509,Longlist,2024-08-18,5,
E0509,Shortlist,2024-09-09,6,manual review
E0509,Offer,2024-09-27,6,
E0509,Accepted,2024-10-06,1,
E0510,Kickoff,2024-08-09,14,
E0510,Longlist,2024-08-28,6,
E0510,Shortlist,2024-09-22,9,
E0510,Offer,2024-10-16,2,
E0510,Accepted,2024-10-28,3,
E0511,Kickoff,2024-01-31,11,
E0511,Longlist,2024-02-26,9,manual review
E0511,Shortlist,2024-03-29,5,
E0511,Offer,2024-04-23,7,
E0511,Accepted,2024-04-28,3,
E0512,Kickoff,2025-08-09,15,
E0512,Longlist,2025-09-01,8,
E0513,Kickoff,2025-11-19,11,manual review
E0513,Longlist,2025-12-18,11,
E0514,Kickoff,2024-12-31,12,
E0514,Longlist,2025-02-05,6,
E0514,Shortlist,2025-02-25,2,
E0514,Offer,2025-03-16,5,
E0514,Accepted,2025-03-24,2,
E0515,Kickoff,2025-02-01,10,
E0515,Longlist,2025-03-02,11,
E0515,Shortlist,2025-03-21,3,
E0515,Offer,2025-04-13,6,
E0515,Accepted,2025-04-20,3,
E0516,Kickoff,2025-11-14,12,
E0516,Longlist,2025-12-02,8,
E0516,Shortlist,2026-01-05,4,
E0516,Offer,2026-01-28,2,
E0516,Accepted,2026-02-12,5,
E0517,Kickoff,2025-01-14,11,
E0517,Longlist,2025-02-12,10,
E0517,Shortlist,2025-03-05,9,
E0517,Offer,2025-03-17,3,
E0517,Accepted,2025-03-22,0,
E0518,Kickoff,2025-04-02,10,
E0518,Longlist,2025-04-23,9,
E0518,Shortlist,2025-05-26,6,
E0519,Kickoff,2024-11-12,13,
E0519,Longlist,2024-12-09,7,
E0519,Shortlist,2024-12-19,9,
E0519,Offer,2025-01-06,6,
E0519,Accepted,2025-01-12,1,
E0520,Kickoff,2025-01-18,9,
E0520,Longlist,2025-02-12,5,
E0520,Shortlist,2025-02-25,7,
E0520,Offer,2025-03-19,10,
E0520,Accepted,2025-03-22,1,
E0521,Kickoff,2025-01-19,11,
E0521,Longlist,2025-02-28,10,
E0521,Shortlist,2025-03-10,6,
E0521,Offer,2025-04-03,2,
E0521,Accepted,2025-04-17,0,
E0522,Kickoff,2025-06-06,11,
E0522,Longlist,2025-07-08,13,
E0522,Shortlist,2025-08-03,9,
E0522,Offer,2025-08-26,3,
E0522,Accepted,2025-09-03,4,
E0523,Kickoff,2025-03-25,10,
E0523,Longlist,2025-04-29,11,
E0523,Shortlist,2025-05-23,8,
E0523,Offer,2025-06-08,6,
E0523,Accepted,2025-06-18,3,
E0524,Kickoff,2025-01-11,9,
E0524,Longlist,2025-02-14,9,
E0524,Shortlist,2025-03-20,8,
E0524,Offer,2025-04-13,1,
E0524,Accepted,2025-04-26,0,
E0525,Kickoff,2024-03-05,13,
E0525,Longlist,2024-04-07,9,
E0525,Shortlist,2024-04-30,11,
E0525,Offer,2024-05-23,4,
E0525,Accepted,2024-06-11,0,
E0526,Kickoff,2025-10-30,10,
E0526,Longlist,2025-11-16,8,
E0526,Shortlist,2025-12-02,7,
E0526,Offer,2025-12-22,3,
E0526,Accepted,2026-01-14,3,
E0527,Kickoff,2025-10-16,9,
E0527,Longlist,2025-11-11,7,
E0528,Kickoff,2024-05-22,11,
E0528,Longlist,2024-06-08,10,
E0528,Shortlist,2024-07-09,9,
E0528,Offer,2024-07-26,8,
E0528,Accepted,2024-07-26,2,
E0529,Kickoff,2024-08-04,6,
E0529,Longlist,2024-09-01,8,
E0529,Shortlist,2024-09-25,8,
E0529,Offer,2024-10-16,4,
E0529,Accepted,2024-10-29,6,
E0530,Kickoff,2025-12-19,12,
E0530,Longlist,2026-01-23,12,
E0530,Shortlist,2026-02-24,12,
E0530,Offer,2026-03-15,4,
E0531,Kickoff,2024-08-29,12,
E0531,Longlist,2024-09-25,10,
E0531,Shortlist,2024-10-12,7,
E0531,Offer,2024-11-01,8,manual review
E0531,Accepted,2024-11-04,0,
E0532,Kickoff,2025-08-19,7,
E0532,Longlist,2025-09-07,6,
E0532,Shortlist,2025-09-25,9,
E0532,Offer,2025-10-02,4,
E0532,Accepted,2025-10-07,6,
E0533,Kickoff,2025-07-30,13,
E0533,Longlist,2025-08-28,9,
E0534,Kickoff,2025-09-24,15,
E0534,Longlist,2025-10-29,9,
E0534,Shortlist,2025-11-20,12,
E0534,Offer,2025-11-29,7,manual review
E0534,Accepted,2025-12-17,2,
E0535,Kickoff,2024-01-12,13,
E0535,Longlist,2024-02-11,9,
E0535,Shortlist,2024-02-25,5,
E0535,Offer,2024-03-09,5,
E0535,Accepted,2024-03-15,0,
E0536,Kickoff,2024-12-24,14,
E0536,Longlist,2025-01-10,9,
E0536,Shortlist,,5,
E0536,Offer,2025-02-18,7,
E0537,Kickoff,2025-02-24,13,
E0537,Longlist,2025-03-11,8,
E0537,Shortlist,2025-04-02,7,
E0537,Offer,2025-04-22,7,
E0537,Accepted,2025-04-27,0,
E0538,Kickoff,2025-09-11,13,
E0538,Longlist,2025-09-30,5,
E0539,Kickoff,2024-06-13,8,
E0539,Longlist,2024-07-23,9,
E0539,Shortlist,2024-08-18,3,
E0539,Offer,2024-09-12,7,
E0539,Accepted,2024-09-16,5,manual review
E0540,Kickoff,2024-08-14,12,
E0540,Longlist,2024-09-02,9,
E0540,Shortlist,2024-10-05,7,manual review
E0540,Offer,2024-10-13,8,
E0540,Accepted,2024-10-22,5,
E0541,Kickoff,2024-05-19,16,manual review
E0541,Longlist,2024-06-28,4,manual review
E0541,Shortlist,2024-07-25,10,
E0541,Offer,2024-08-05,7,
E0541,Accepted,2024-08-21,3,
E0542,Kickoff,2025-07-16,11,
E0542,Longlist,2025-08-04,7,
E0542,Shortlist,2025-08-16,11,
E0542,Offer,2025-09-08,5,
E0542,Accepted,2025-09-29,1,
E0543,Kickoff,2025-12-30,13,
E0543,Longlist,2026-01-23,13,
E0543,Shortlist,2026-02-08,7,
E0543,Offer,2026-03-03,5,
E0544,Kickoff,2024-04-16,10,
E0544,Longlist,2024-05-02,8,
E0544,Shortlist,2024-05-19,8,
E0545,Kickoff,2024-06-20,10,
E0545,Longlist,2024-07-09,9,
E0545,Shortlist,2024-08-11,7,
E0545,Offer,2024-08-19,7,
E0545,Accepted,2024-08-24,3,manual review
E0546,Kickoff,2024-08-18,15,
E0546,Longlist,2024-09-27,12,
E0546,Shortlist,2024-10-26,5,
E0546,Offer,2024-11-07,7,
E0546,Accepted,2024-11-15,1,
E0547,Kickoff,2025-10-19,12,
E0547,Longlist,2025-11-23,10,
E0548,Kickoff,2024-11-27,11,
E0548,Longlist,2024-12-17,10,
E0548,Shortlist,2025-01-15,8,
E0548,Offer,2025-01-27,4,
E0548,Accepted,2025-02-10,5,
E0549,Kickoff,2024-07-25,8,
E0549,Longlist,2024-08-19,7,
E0549,Shortlist,2024-08-29,14,
E0549,Offer,2024-09-05,3,
E0549,Accepted,2024-09-09,2,
E0550,Kickoff,2024-08-29,12,
E0550,Longlist,2024-10-10,9,
E0550,Shortlist,2024-11-13,8,
E0550,Offer,2024-12-09,10,
E0550,Accepted,2024-12-24,3,
E0551,Kickoff,2025-03-14,9,
E0551,Longlist,2025-04-03,12,manual review
E0551,Shortlist,2025-04-14,5,
E0551,Offer,2025-04-27,4,
E0551,Accepted,2025-05-03,2,
E0552,Kickoff,2024-10-10,12,
E0552,Longlist,2024-10-26,12,
E0552,Shortlist,2024-11-16,10,
E0552,Offer,2024-12-08,5,
E0552,Accepted,2024-12-11,3,
E0553,Kickoff,2024-04-16,13,
E0553,Longlist,2024-05-06,11,
E0553,Shortlist,2024-05-20,5,manual review
E0554,Kickoff,2025-08-29,8,
E0554,Longlist,2025-09-14,10,
E0555,Kickoff,2024-11-08,12,
E0555,Longlist,2024-12-06,7,
E0555,Shortlist,2024-12-24,8,
E0555,Offer,2025-01-11,1,
E0555,Accepted,2025-01-19,2,
E0556,Kickoff,2024-07-09,8,
E0556,Longlist,2024-08-08,14,
E0556,Shortlist,2024-09-03,6,
E0556,Offer,2024-09-29,6,
E0556,Accepted,2024-10-19,2,
E0557,Kickoff,2025-06-20,10,manual review
E0557,Longlist,2025-07-16,12,
E0557,Shortlist,2025-08-02,8,
E0557,Offer,2025-08-19,5,
E0557,Accepted,2025-08-20,0,
E0558,Kickoff,2025-06-29,19,manual review
E0558,Longlist,2025-08-12,12,
E0558,Shortlist,2025-09-09,7,manual review
E0559,Kickoff,2024-04-29,14,
E0560,Kickoff,2024-02-23,10,
E0560,Longlist,2024-03-16,11,
E0560,Shortlist,2024-04-07,7,
E0561,Kickoff,2024-02-06,11,
E0561,Longlist,2024-03-14,9,
E0561,Shortlist,2024-03-25,6,
E0561,Offer,2024-04-09,6,
E0561,Accepted,2024-04-16,1,
E0562,Kickoff,2025-07-15,10,manual review
E0562,Longlist,2025-07-30,8,
E0562,Shortlist,2025-08-29,7,
E0562,Offer,2025-09-09,4,
E0562,Accepted,2025-09-23,0,
E0563,Kickoff,2025-04-01,13,
E0563,Longlist,2025-04-25,11,manual review
E0563,Shortlist,2025-05-14,9,
E0563,Offer,2025-06-04,4,
E0563,Accepted,2025-06-12,0,
E0564,Kickoff,2025-08-04,11,
E0564,Longlist,2025-08-22,6,
E0564,Shortlist,2025-09-24,12,
E0564,Offer,2025-10-15,6,manual review
E0564,Accepted,2025-11-01,4,
E0565,Kickoff,2025-04-04,7,
E0565,Longlist,2025-05-14,8,
E0565,Shortlist,2025-06-02,6,
E0565,Offer,2025-06-29,1,
E0565,Accepted,2025-06-29,2,
E0566,Kickoff,2024-10-24,10,
E0566,Longlist,2024-11-08,11,
E0566,Shortlist,2024-12-10,7,
E0566,Offer,2025-01-04,4,
E0566,Accepted,2025-01-19,4,
E0567,Kickoff,2025-03-09,11,
E0567,Longlist,2025-03-26,12,manual review
E0567,Shortlist,2025-04-15,8,
E0567,Offer,2025-05-05,7,
E0568,Kickoff,2025-06-19,8,
E0568,Longlist,2025-07-27,4,
E0568,Shortlist,2025-08-07,6,
E0568,Offer,2025-08-18,7,
E0568,Accepted,2025-08-19,1,
E0569,Kickoff,2024-10-25,12,
E0569,Longlist,2024-12-04,9,
E0569,Shortlist,2024-12-30,7,
E0569,Offer,2025-01-13,5,
E0569,Accepted,2025-02-01,5,
E0570,Kickoff,2025-11-05,8,
E0570,Longlist,2025-12-11,8,
E0571,Kickoff,,8,
E0571,Longlist,2025-11-21,11,
E0571,Shortlist,2025-12-05,8,
E0571,Offer,2025-12-20,2,
E0572,Kickoff,2025-08-11,9,
E0572,Longlist,2025-09-10,10,
E0572,Shortlist,2025-10-10,6,
E0572,Offer,2025-11-03,2,
E0572,Accepted,2025-11-04,0,
E0573,Kickoff,2025-12-31,9,
E0573,Longlist,2026-02-07,13,
E0574,Kickoff,2024-10-19,12,
E0574,Longlist,2024-11-23,11,
E0574,Shortlist,2024-12-18,9,
E0574,Offer,2025-01-02,4,
E0574,Accepted,2025-01-24,1,
E0575,Kickoff,2024-03-26,10,manual review
E0575,Longlist,2024-04-20,6,
E0575,Shortlist,2024-05-15,8,
E0575,Offer,2024-05-23,3,
E0575,Accepted,2024-06-01,4,
E0576,Kickoff,2024-12-27,14,
E0576,Longlist,2025-01-19,11,
E0576,Shortlist,2025-02-12,6,
E0576,Offer,2025-02-24,1,
E0576,Accepted,2025-03-18,4,
E0577,Kickoff,2025-07-05,11,
E0577,Longlist,2025-07-20,9,
E0577,Shortlist,2025-08-11,4,
E0577,Offer,2025-08-22,3,
E0577,Accepted,2025-08-27,5,
E0578,Kickoff,2025-07-23,10,
E0578,Longlist,2025-08-25,7,
E0578,Shortlist,2025-09-07,9,
E0578,Offer,2025-09-26,2,
E0578,Accepted,2025-10-01,5,
E0579,Kickoff,2024-10-11,12,
E0579,Longlist,2024-11-21,8,
E0579,Shortlist,2024-12-09,8,
E0579,Offer,2024-12-26,6,
E0579,Accepted,2025-01-11,1,
E0580,Kickoff,2024-08-04,12,
E0580,Longlist,2024-09-01,10,manual review
E0580,Shortlist,2024-09-25,3,
E0580,Offer,2024-10-16,7,
E0580,Accepted,2024-10-27,0,
E0581,Kickoff,2024-11-25,9,
E0581,Longlist,2025-01-07,5,
E0581,Shortlist,2025-01-28,7,
E0581,Offer,2025-02-04,6,
E0581,Accepted,2025-02-25,6,
E0582,Kickoff,2025-08-15,13,
E0582,Longlist,2025-09-06,11,
E0582,Shortlist,,8,
E0582,Offer,2025-10-03,7,
E0582,Accepted,2025-10-16,5,
E0583,Kickoff,2024-02-22,13,
E0583,Longlist,2024-03-11,4,manual review
E0583,Shortlist,2024-04-03,10,
E0583,Offer,2024-04-22,7,
E0583,Accepted,2024-04-23,1,
E0584,Kickoff,2024-08-28,10,
E0584,Longlist,2024-09-29,12,manual review
E0584,Shortlist,2024-10-22,6,
E0584,Offer,2024-11-18,6,
E0584,Accepted,2024-11-19,0,
E0585,Kickoff,2024-06-16,8,
E0585,Longlist,2024-07-25,10,
E0585,Shortlist,2024-08-13,4,
E0585,Offer,2024-08-25,2,
E0585,Accepted,2024-09-18,2,
E0586,Kickoff,2025-08-15,11,
E0586,Longlist,2025-09-07,10,
E0586,Shortlist,2025-10-07,13,
E0586,Offer,2025-10-22,3,
E0586,Accepted,2025-10-26,1,
E0587,Kickoff,2024-12-17,14,
E0587,Longlist,2025-01-12,11,manual review
E0588,Kickoff,2024-03-06,13,
E0588,Longlist,2024-04-17,9,manual review
E0588,Shortlist,2024-04-30,11,
E0588,Offer,2024-05-10,5,
E0588,Accepted,2024-06-02,2,
E0589,Kickoff,2024-07-15,13,
E0589,Longlist,2024-07-30,11,
E0589,Shortlist,2024-08-31,10,
E0589,Offer,2024-09-07,5,manual review
E0589,Accepted,2024-09-24,3,
E0590,Kickoff,2024-02-05,14,
E0590,Longlist,2024-02-22,8,
E0590,Shortlist,2024-03-22,5,
E0590,Offer,2024-04-01,7,
E0590,Accepted,2024-04-05,4,
E0591,Kickoff,2024-12-17,14,
E0591,Longlist,2025-01-23,7,
E0591,Shortlist,2025-02-24,7,
E0591,Offer,2025-03-11,3,
E0592,Kickoff,2026-01-06,14,
E0592,Longlist,2026-02-03,10,
E0592,Shortlist,2026-03-07,9,
E0592,Offer,2026-04-02,7,
E0593,Kickoff,2025-02-20,10,
E0593,Longlist,2025-03-30,12,
E0593,Shortlist,2025-04-18,6,
E0593,Offer,2025-05-08,4,
E0593,Accepted,2025-05-09,5,
E0594,Kickoff,2025-10-02,12,manual review
E0594,Longlist,2025-11-04,10,
E0594,Shortlist,2025-12-05,7,
E0594,Offer,2025-12-30,3,
E0595,Kickoff,2025-07-05,13,manual review
E0595,Longlist,2025-08-13,9,
E0595,Shortlist,2025-09-11,5,
E0595,Offer,2025-09-25,1,
E0595,Accepted,2025-10-07,4,
E0596,Kickoff,2025-10-09,21,
E0596,Longlist,2025-11-11,12,
E0596,Shortlist,2025-12-10,5,
E0596,Offer,2025-12-28,2,manual review
E0596,Accepted,2026-01-08,0,
E0597,Kickoff,2024-08-24,9,manual review
E0597,Longlist,2024-09-20,8,
E0597,Shortlist,2024-09-30,6,
E0598,Kickoff,2025-11-28,11,
E0598,Longlist,2025-12-26,7,
E0598,Shortlist,2026-01-19,7,
E0598,Offer,2026-02-07,6,
E0599,Kickoff,2024-06-26,8,
E0599,Longlist,2024-07-27,9,
E0599,Shortlist,2024-08-25,10,
E0600,Kickoff,2024-11-16,11,
E0600,Longlist,2024-12-11,5,
E0600,Shortlist,2025-01-01,6,
E0600,Offer,2025-01-14,5,
E0600,Accepted,2025-01-21,5,
E0136,Shortlist,2025-06-07,10,
E0182,Kickoff,2024-04-12,11,
E0550,Offer,2024-12-09,10,
E0202,Accepted,2024-05-22,3,manual review
E0522,Offer,2025-08-26,3,
E0225,Accepted,2025-05-09,5,
E0438,Longlist,2025-03-19,8,manual review
E0269,Offer,2025-09-21,6,
E0510,Shortlist,2024-09-22,9,
E0586,Longlist,2025-09-07,10,
E0051,Shortlist,2024-07-07,5,
E0114,Shortlist,2025-04-01,7,
